Date,Daily_RF
2015-01-02,5.95193620611667e-07
2015-01-05,1.1904584140687291e-07
2015-01-06,7.935717363238837e-07
2015-01-07,7.935717363238837e-07
2015-01-08,7.142216607025631e-07
2015-01-09,5.95193620611667e-07
2015-01-12,5.158396307880508e-07
2015-01-13,9.125938866816341e-07
2015-01-14,9.919400114632992e-07
2015-01-15,9.125938866816341e-07
2015-01-16,7.142216607025631e-07
2015-01-20,3.1744768524966105e-07
2015-01-21,7.935717363238837e-07
2015-01-22,5.95193620611667e-07
2015-01-23,5.158396307880508e-07
2015-01-26,1.9840775355994822e-07
2015-01-27,7.142216607025631e-07
2015-01-28,5.95193620611667e-07
2015-01-29,3.968056268011111e-07
2015-01-30,1.9840775355994822e-07
2015-02-02,1.9840775355994822e-07
2015-02-03,5.95193620611667e-07
2015-02-04,1.9840775355994822e-07
2015-02-05,3.1744768524966105e-07
2015-02-06,5.95193620611667e-07
2015-02-09,1.1904584140687291e-07
2015-02-10,1.9840775355994822e-07
2015-02-11,1.9840775355994822e-07
2015-02-12,3.1744768524966105e-07
2015-02-13,1.9840775355994822e-07
2015-02-17,3.1744768524966105e-07
2015-02-18,5.158396307880508e-07
2015-02-19,5.158396307880508e-07
2015-02-20,3.968056268011111e-07
2015-02-23,5.95193620611667e-07
2015-02-24,7.142216607025631e-07
2015-02-25,5.95193620611667e-07
2015-02-26,5.158396307880508e-07
2015-02-27,3.1744768524966105e-07
2015-03-02,1.9840775355994822e-07
2015-03-03,5.158396307880508e-07
2015-03-04,3.968056268011111e-07
2015-03-05,1.1904584140687291e-07
2015-03-06,1.9840775355994822e-07
2015-03-09,1.9840775355994822e-07
2015-03-10,3.968056268011111e-07
2015-03-11,5.158396307880508e-07
2015-03-12,7.142216607025631e-07
2015-03-13,9.125938866816341e-07
2015-03-16,1.1902983365619235e-06
2015-03-17,1.9043067378543554e-06
2015-03-18,1.5076511605816023e-06
2015-03-19,3.968056268011111e-07
2015-03-20,1.1904584140687291e-07
2015-03-23,1.1904584140687291e-07
2015-03-24,5.95193620611667e-07
2015-03-25,7.142216607025631e-07
2015-03-26,1.1109562358946334e-06
2015-03-27,1.1902983365619235e-06
2015-03-30,9.125938866816341e-07
2015-03-31,9.919400114632992e-07
2015-04-01,1.3093086357329753e-06
2015-04-02,3.968056268011111e-07
2015-04-06,1.1904584140687291e-07
2015-04-07,5.95193620611667e-07
2015-04-08,7.142216607025631e-07
2015-04-09,7.935717363238837e-07
2015-04-10,5.95193620611667e-07
2015-04-13,1.9840775355994822e-07
2015-04-14,3.968056268011111e-07
2015-04-15,5.95193620611667e-07
2015-04-16,3.968056268011111e-07
2015-04-17,5.158396307880508e-07
2015-04-20,5.158396307880508e-07
2015-04-21,7.935717363238837e-07
2015-04-22,7.935717363238837e-07
2015-04-23,7.935717363238837e-07
2015-04-24,5.95193620611667e-07
2015-04-27,5.158396307880508e-07
2015-04-28,5.158396307880508e-07
2015-04-29,1.1904584140687291e-07
2015-04-30,1.9840775355994822e-07
2015-05-01,1.1904584140687291e-07
2015-05-04,1.1904584140687291e-07
2015-05-05,3.1744768524966105e-07
2015-05-06,3.968056268011111e-07
2015-05-07,1.9840775355994822e-07
2015-05-08,1.1904584140687291e-07
2015-05-11,1.9840775355994822e-07
2015-05-12,5.158396307880508e-07
2015-05-13,3.968056268011111e-07
2015-05-14,3.968056268011111e-07
2015-05-15,3.968056268011111e-07
2015-05-18,3.1744768524966105e-07
2015-05-19,3.968056268011111e-07
2015-05-20,5.158396307880508e-07
2015-05-21,5.158396307880508e-07
2015-05-22,3.968056268011111e-07
2015-05-26,3.968056268011111e-07
2015-05-27,5.158396307880508e-07
2015-05-28,1.1904584140687291e-07
2015-05-29,1.1904584140687291e-07
2015-06-01,3.1744768524966105e-07
2015-06-02,3.968056268011111e-07
2015-06-03,3.968056268011111e-07
2015-06-04,1.9840775355994822e-07
2015-06-05,3.968056268011111e-07
2015-06-08,3.968056268011111e-07
2015-06-09,5.158396307880508e-07
2015-06-10,5.158396307880508e-07
2015-06-11,3.1744768524966105e-07
2015-06-12,1.9840775355994822e-07
2015-06-15,1.1904584140687291e-07
2015-06-16,3.1744768524966105e-07
2015-06-17,1.1904584140687291e-07
2015-06-18,1.1904584140687291e-07
2015-06-19,1.1904584140687291e-07
2015-06-22,1.1904584140687291e-07
2015-06-23,3.1744768524966105e-07
2015-06-24,1.9840775355994822e-07
2015-06-25,1.9840775355994822e-07
2015-06-26,1.9840775355994822e-07
2015-06-29,1.9840775355994822e-07
2015-06-30,3.968056268011111e-07
2015-07-01,1.1904584140687291e-07
2015-07-02,1.1904584140687291e-07
2015-07-06,1.9840775355994822e-07
2015-07-07,3.968056268011111e-07
2015-07-08,3.968056268011111e-07
2015-07-09,3.1744768524966105e-07
2015-07-10,3.1744768524966105e-07
2015-07-13,3.1744768524966105e-07
2015-07-14,3.968056268011111e-07
2015-07-15,5.158396307880508e-07
2015-07-16,3.968056268011111e-07
2015-07-17,5.158396307880508e-07
2015-07-20,9.125938866816341e-07
2015-07-21,1.1902983365619235e-06
2015-07-22,1.1902983365619235e-06
2015-07-23,1.1902983365619235e-06
2015-07-24,1.1902983365619235e-06
2015-07-27,1.1109562358946334e-06
2015-07-28,1.7059839594324444e-06
2015-07-29,1.7853142850743353e-06
2015-07-30,2.3802411603934814e-06
2015-07-31,2.3009226801651295e-06
2015-08-03,2.499215993712056e-06
2015-08-04,2.9750795063065993e-06
2015-08-05,2.9750795063065993e-06
2015-08-06,1.1109562358946334e-06
2015-08-07,2.1819420727986483e-06
2015-08-10,2.578530378549715e-06
2015-08-11,3.886992030022185e-06
2015-08-12,3.569828905813921e-06
2015-08-13,3.2922899788623283e-06
2015-08-14,3.173338974260531e-06
2015-08-17,2.3802411603934814e-06
2015-08-18,3.3715888723140353e-06
2015-08-19,1.5869854355088364e-06
2015-08-20,5.95193620611667e-07
2015-08-21,7.935717363238837e-07
2015-08-24,5.95193620611667e-07
2015-08-25,2.102619644395176e-06
2015-08-26,2.1819420727986483e-06
2015-08-27,1.9836331146549924e-06
2015-08-28,1.9836331146549924e-06
2015-08-31,1.1904584140687291e-07
2015-09-01,1.5076511605816023e-06
2015-09-02,9.919400114632992e-07
2015-09-03,5.95193620611667e-07
2015-09-04,9.919400114632992e-07
2015-09-08,9.919400114632992e-07
2015-09-09,1.3886468601675972e-06
2015-09-10,5.95193620611667e-07
2015-09-11,9.125938866816341e-07
2015-09-14,9.919400114632992e-07
2015-09-15,2.3009226801651295e-06
2015-09-16,2.102619644395176e-06
2015-09-17,1.1904584140687291e-07
2015-09-18,3.968056268011111e-07
2015-09-21,5.158396307880508e-07
2015-09-22,1.1904584140687291e-07
2015-09-23,1.1904584140687291e-07
2015-09-24,1.9840775355994822e-07
2015-09-25,7.935717363238837e-07
2015-09-28,5.158396307880508e-07
2015-09-29,1.1904584140687291e-07
2015-09-30,1.9840775355994822e-07
2015-10-01,7.142216607025631e-07
2015-10-02,3.1744768524966105e-07
2015-10-05,3.1744768524966105e-07
2015-10-06,1.9840775355994822e-07
2015-10-07,1.9840775355994822e-07
2015-10-08,1.1904584140687291e-07
2015-10-09,1.1904584140687291e-07
2015-10-12,3.968056268011111e-07
2015-10-13,1.9840775355994822e-07
2015-10-14,3.968056268011111e-07
2015-10-15,1.9840775355994822e-07
2015-10-16,1.9840775355994822e-07
2015-10-19,1.9840775355994822e-07
2015-10-20,3.968056268011111e-07
2015-10-21,1.9840775355994822e-07
2015-10-22,1.9840775355994822e-07
2015-10-23,1.1904584140687291e-07
2015-10-26,3.1744768524966105e-07
2015-10-27,3.968056268011111e-07
2015-10-28,1.3886468601675972e-06
2015-10-29,2.102619644395176e-06
2015-10-30,2.697499438486517e-06
2015-11-02,2.102619644395176e-06
2015-11-03,2.3009226801651295e-06
2015-11-04,2.1819420727986483e-06
2015-11-05,1.5869854355088364e-06
2015-11-06,2.8957727200573657e-06
2015-11-09,2.9750795063065993e-06
2015-11-10,4.957232130120559e-06
2015-11-11,4.877965086302893e-06
2015-11-12,4.877965086302893e-06
2015-11-13,4.481605323736204e-06
2015-11-16,3.886992030022185e-06
2015-11-17,5.3535445796448755e-06
2015-11-18,4.877965086302893e-06
2015-11-19,3.490533957872799e-06
2015-11-20,3.6887680732178296e-06
2015-11-23,4.164489238123181e-06
2015-11-24,6.066806950366654e-06
2015-11-25,6.938399087941249e-06
2015-11-27,6.344152377879553e-06
2015-11-30,6.74032689618187e-06
2015-12-01,8.0474223642657e-06
2015-12-02,7.92861354415031e-06
2015-12-03,7.84940530218492e-06
2015-12-04,8.126626669380244e-06
2015-12-07,9.314499976431634e-06
2015-12-08,1.06207519157131e-05
2015-12-09,9.71037925112661e-06
2015-12-10,9.116545881981963e-06
2015-12-11,8.443427555571148e-06
2015-12-14,7.84940530218492e-06
2015-12-15,9.908303843175759e-06
2015-12-16,9.314499976431634e-06
2015-12-17,8.443427555571148e-06
2015-12-18,6.938399087941249e-06
2015-12-21,6.066806950366654e-06
2015-12-22,7.651378397754982e-06
2015-12-23,7.532557176226362e-06
2015-12-24,7.255294467878315e-06
2015-12-28,7.532557176226362e-06
2015-12-29,8.522623988538314e-06
2015-12-30,7.730589986598702e-06
2015-12-31,5.868691420829464e-06
2016-01-04,6.146050639976863e-06
2016-01-05,8.126626669380244e-06
2016-01-06,8.126626669380244e-06
2016-01-07,7.532557176226362e-06
2016-01-08,7.532557176226362e-06
2016-01-11,6.938399087941249e-06
2016-01-12,8.324629954037377e-06
2016-01-13,8.522623988538314e-06
2016-01-14,9.512444235859618e-06
2016-01-15,8.839393389026284e-06
2016-01-19,9.116545881981963e-06
2016-01-20,1.0027053643169026e-05
2016-01-21,1.081863128815641e-05
2016-01-22,1.1412210443539905e-05
2016-01-25,1.0897780521101907e-05
2016-01-26,1.1887011517552892e-05
2016-01-27,1.1887011517552892e-05
2016-01-28,1.2599104693311602e-05
2016-01-29,1.1887011517552892e-05
2016-02-01,1.1689184023611077e-05
2016-02-02,1.3073764350224337e-05
2016-02-03,1.3192419839880287e-05
2016-02-04,1.1214360551070612e-05
2016-02-05,1.1016500832905507e-05
2016-02-08,1.0304123532201004e-05
2016-02-09,1.1887011517552892e-05
2016-02-10,1.1807881934666753e-05
2016-02-11,1.081863128815641e-05
2016-02-12,1.0699905079958327e-05
2016-02-16,1.081863128815641e-05
2016-02-17,1.161005169048046e-05
2016-02-18,1.1412210443539905e-05
2016-02-19,1.1214360551070612e-05
2016-02-22,1.161005169048046e-05
2016-02-23,1.2599104693311602e-05
2016-02-24,1.2480431532013725e-05
2016-02-25,1.2282634681115567e-05
2016-02-26,1.2005702355821768e-05
2016-02-29,1.2203512955499818e-05
2016-03-01,1.2678218563211274e-05
2016-03-02,1.2005702355821768e-05
2016-03-03,1.0422862714465353e-05
2016-03-04,1.0502018630953458e-05
2016-03-07,1.0502018630953458e-05
2016-03-08,1.2084828010072712e-05
2016-03-09,1.1412210443539905e-05
2016-03-10,1.2005702355821768e-05
2016-03-11,1.2203512955499818e-05
2016-03-14,1.2203512955499818e-05
2016-03-15,1.2875995776040483e-05
2016-03-16,1.1887011517552892e-05
2016-03-17,1.0897780521101907e-05
2016-03-18,1.1095646135217407e-05
2016-03-21,1.1412210443539905e-05
2016-03-22,1.1689184023611077e-05
2016-03-23,1.161005169048046e-05
2016-03-24,1.0897780521101907e-05
2016-03-28,1.0106218603311845e-05
2016-03-29,8.918581361649913e-06
2016-03-30,7.334514522172597e-06
2016-03-31,7.651378397754982e-06
2016-04-01,8.641415096377614e-06
2016-04-04,7.255294467878315e-06
2016-04-05,8.641415096377614e-06
2016-04-06,8.720607594048246e-06
2016-04-07,8.720607594048246e-06
2016-04-08,8.641415096377614e-06
2016-04-11,8.324629954037377e-06
2016-04-12,9.116545881981963e-06
2016-04-13,8.839393389026284e-06
2016-04-14,8.522623988538314e-06
2016-04-15,8.324629954037377e-06
2016-04-18,7.84940530218492e-06
2016-04-19,8.522623988538314e-06
2016-04-20,8.641415096377614e-06
2016-04-21,8.918581361649913e-06
2016-04-22,8.918581361649913e-06
2016-04-25,9.433268066239009e-06
2016-04-26,9.71037925112661e-06
2016-04-27,9.71037925112661e-06
2016-04-28,8.324629954037377e-06
2016-04-29,7.651378397754982e-06
2016-05-02,7.334514522172597e-06
2016-05-03,8.0474223642657e-06
2016-05-04,7.84940530218492e-06
2016-05-05,7.255294467878315e-06
2016-05-06,7.136462023105139e-06
2016-05-09,8.0474223642657e-06
2016-05-10,9.631206425053662e-06
2016-05-11,9.829134950400942e-06
2016-05-12,1.0224962504246093e-05
2016-05-13,1.0224962504246093e-05
2016-05-16,1.0224962504246093e-05
2016-05-17,1.06207519157131e-05
2016-05-18,1.0699905079958327e-05
2016-05-19,1.1491347885472791e-05
2016-05-20,1.1807881934666753e-05
2016-05-23,1.2401313734144992e-05
2016-05-24,1.3587913403778629e-05
2016-05-25,1.2480431532013725e-05
2016-05-26,1.0897780521101907e-05
2016-05-27,1.1807881934666753e-05
2016-05-31,1.1214360551070612e-05
2016-06-01,1.1689184023611077e-05
2016-06-02,1.0699905079958327e-05
2016-06-03,1.0699905079958327e-05
2016-06-06,9.908303843175759e-06
2016-06-07,1.0502018630953458e-05
2016-06-08,9.314499976431634e-06
2016-06-09,9.512444235859618e-06
2016-06-10,9.512444235859618e-06
2016-06-13,9.71037925112661e-06
2016-06-14,1.0422862714465353e-05
2016-06-15,1.0106218603311845e-05
2016-06-16,9.71037925112661e-06
2016-06-17,9.829134950400942e-06
2016-06-20,9.829134950400942e-06
2016-06-21,1.0502018630953458e-05
2016-06-22,1.06207519157131e-05
2016-06-23,1.0897780521101907e-05
2016-06-24,9.433268066239009e-06
2016-06-27,9.314499976431634e-06
2016-06-28,1.0304123532201004e-05
2016-06-29,1.0106218603311845e-05
2016-06-30,9.829134950400942e-06
2016-07-01,9.631206425053662e-06
2016-07-05,9.433268066239009e-06
2016-07-06,1.0422862714465353e-05
2016-07-07,1.0699905079958327e-05
2016-07-08,1.081863128815641e-05
2016-07-11,1.0897780521101907e-05
2016-07-12,1.1689184023611077e-05
2016-07-13,1.1807881934666753e-05
2016-07-14,1.2005702355821768e-05
2016-07-15,1.1807881934666753e-05
2016-07-18,1.1412210443539905e-05
2016-07-19,1.2282634681115567e-05
2016-07-20,1.2480431532013725e-05
2016-07-21,1.2005702355821768e-05
2016-07-22,1.2005702355821768e-05
2016-07-25,1.1807881934666753e-05
2016-07-26,1.2203512955499818e-05
2016-07-27,1.1214360551070612e-05
2016-07-28,8.720607594048246e-06
2016-07-29,9.512444235859618e-06
2016-08-01,9.433268066239009e-06
2016-08-02,1.1095646135217407e-05
2016-08-03,1.06207519157131e-05
2016-08-04,9.829134950400942e-06
2016-08-05,9.908303843175759e-06
2016-08-08,9.908303843175759e-06
2016-08-09,1.161005169048046e-05
2016-08-10,1.081863128815641e-05
2016-08-11,1.0897780521101907e-05
2016-08-12,1.0422862714465353e-05
2016-08-15,1.0897780521101907e-05
2016-08-16,1.1412210443539905e-05
2016-08-17,1.1412210443539905e-05
2016-08-18,1.1293501922970961e-05
2016-08-19,1.161005169048046e-05
2016-08-22,1.1095646135217407e-05
2016-08-23,1.2084828010072712e-05
2016-08-24,1.2084828010072712e-05
2016-08-25,1.2084828010072712e-05
2016-08-26,1.2084828010072712e-05
2016-08-29,1.2084828010072712e-05
2016-08-30,1.2875995776040483e-05
2016-08-31,1.2678218563211274e-05
2016-09-01,1.2480431532013725e-05
2016-09-02,1.2005702355821768e-05
2016-09-06,1.2005702355821768e-05
2016-09-07,1.3073764350224337e-05
2016-09-08,1.3192419839880287e-05
2016-09-09,1.3192419839880287e-05
2016-09-12,1.3864735776802917e-05
2016-09-13,1.3667007641382511e-05
2016-09-14,1.2480431532013725e-05
2016-09-15,1.1016500832905507e-05
2016-09-16,1.081863128815641e-05
2016-09-19,9.433268066239009e-06
2016-09-20,1.1412210443539905e-05
2016-09-21,8.839393389026284e-06
2016-09-22,6.344152377879553e-06
2016-09-23,6.5422448567442615e-06
2016-09-26,6.859171156836652e-06
2016-09-27,1.0106218603311845e-05
2016-09-28,1.0422862714465353e-05
2016-09-29,9.314499976431634e-06
2016-09-30,1.0304123532201004e-05
2016-10-03,1.1412210443539905e-05
2016-10-04,1.2480431532013725e-05
2016-10-05,1.2401313734144992e-05
2016-10-06,1.2282634681115567e-05
2016-10-07,1.2282634681115567e-05
2016-10-10,1.2203512955499818e-05
2016-10-11,1.2678218563211274e-05
2016-10-12,1.3469269692478747e-05
2016-10-13,1.0897780521101907e-05
2016-10-14,1.1491347885472791e-05
2016-10-17,1.1689184023611077e-05
2016-10-18,1.3192419839880287e-05
2016-10-19,1.2796887012278546e-05
2016-10-20,1.2678218563211274e-05
2016-10-21,1.2480431532013725e-05
2016-10-24,1.2401313734144992e-05
2016-10-25,1.2875995776040483e-05
2016-10-26,1.2401313734144992e-05
2016-10-27,1.0897780521101907e-05
2016-10-28,1.081863128815641e-05
2016-10-31,1.1689184023611077e-05
2016-11-01,1.3667007641382511e-05
2016-11-02,1.3667007641382511e-05
2016-11-03,1.4181081326114509e-05
2016-11-04,1.4181081326114509e-05
2016-11-07,1.5446208866176647e-05
2016-11-08,1.663190214928889e-05
2016-11-09,1.6552867928343318e-05
2016-11-10,1.8133274553022716e-05
2016-11-14,1.9910484006846474e-05
2016-11-15,1.9318168543502878e-05
2016-11-16,1.793575815267623e-05
2016-11-17,1.663190214928889e-05
2016-11-18,1.6552867928343318e-05
2016-11-21,1.663190214928889e-05
2016-11-22,1.880475731463882e-05
2016-11-23,1.919969535379984e-05
2016-11-25,1.9002230639442175e-05
2016-11-28,1.7817242670359335e-05
2016-11-29,1.8528277979878993e-05
2016-11-30,1.8528277979878993e-05
2016-12-01,1.8133274553022716e-05
2016-12-02,1.8014766123286563e-05
2016-12-05,1.793575815267623e-05
2016-12-06,1.919969535379984e-05
2016-12-07,1.9318168543502878e-05
2016-12-08,1.9397149105149225e-05
2016-12-09,2.0581666154928513e-05
2016-12-12,1.9792027252663047e-05
2016-12-13,2.0700099434334263e-05
2016-12-14,2.0700099434334263e-05
2016-12-15,1.9318168543502878e-05
2016-12-16,1.919969535379984e-05
2016-12-19,1.8923242248503058e-05
2016-12-20,2.030531128216495e-05
2016-12-21,1.9910484006846474e-05
2016-12-22,1.951561642354882e-05
2016-12-23,1.9792027252663047e-05
2016-12-27,1.9594593070992872e-05
2016-12-28,1.9594593070992872e-05
2016-12-29,1.7422168738567834e-05
2016-12-30,1.9002230639442175e-05
2017-01-03,1.880475731463882e-05
2017-01-04,2.050271024822692e-05
2017-01-05,2.0107902535482225e-05
2017-01-06,1.9910484006846474e-05
2017-01-09,1.919969535379984e-05
2017-01-10,1.9910484006846474e-05
2017-01-11,1.9713054518755158e-05
2017-01-12,1.9910484006846474e-05
2017-01-13,2.030531128216495e-05
2017-01-17,2.030531128216495e-05
2017-01-18,2.038427110107044e-05
2017-01-19,1.9910484006846474e-05
2017-01-20,1.9002230639442175e-05
2017-01-23,1.872576500860923e-05
2017-01-24,1.951561642354882e-05
2017-01-25,1.9120710877951197e-05
2017-01-26,1.9318168543502878e-05
2017-01-27,1.9713054518755158e-05
2017-01-30,1.9594593070992872e-05
2017-01-31,1.9792027252663047e-05
2017-02-01,1.9792027252663047e-05
2017-02-02,1.9318168543502878e-05
2017-02-03,1.9318168543502878e-05
2017-02-06,1.9910484006846474e-05
2017-02-07,2.0779051429498097e-05
2017-02-08,2.0779051429498097e-05
2017-02-09,2.0897478841597206e-05
2017-02-10,2.0700099434334263e-05
2017-02-13,2.0700099434334263e-05
2017-02-14,2.1173794996443007e-05
2017-02-15,2.0581666154928513e-05
2017-02-16,2.0107902535482225e-05
2017-02-17,2.0107902535482225e-05
2017-02-21,1.9989451650825885e-05
2017-02-22,2.0186866266591608e-05
2017-02-23,1.9713054518755158e-05
2017-02-24,1.9713054518755158e-05
2017-02-27,1.9397149105149225e-05
2017-02-28,2.0700099434334263e-05
2017-03-01,2.4330319886356477e-05
2017-03-02,2.5513371394669804e-05
2017-03-03,2.701140246941236e-05
2017-03-06,2.7878423401794805e-05
2017-03-07,2.9060424316496025e-05
2017-03-08,2.799663997921087e-05
2017-03-09,2.8193658248021336e-05
2017-03-10,2.8666463756321647e-05
2017-03-13,2.8784654605873428e-05
2017-03-14,2.976945611155024e-05
2017-03-15,2.8272461888301237e-05
2017-03-16,2.799663997921087e-05
2017-03-17,2.799663997921087e-05
2017-03-20,2.8075447516373586e-05
2017-03-21,2.976945611155024e-05
2017-03-22,2.9572515752640527e-05
2017-03-23,2.9572515752640527e-05
2017-03-24,2.9572515752640527e-05
2017-03-27,2.9966386736024475e-05
2017-03-28,3.0557120212826305e-05
2017-03-29,2.9848228590534376e-05
2017-03-30,2.9966386736024475e-05
2017-03-31,2.9178603479840248e-05
2017-04-03,2.925738998937888e-05
2017-04-04,3.083276492499287e-05
2017-04-05,3.083276492499287e-05
2017-04-06,3.1147766114791864e-05
2017-04-07,3.154148140960267e-05
2017-04-10,3.1147766114791864e-05
2017-04-11,3.162022120806185e-05
2017-04-12,3.134462862575127e-05
2017-04-13,3.122651369458218e-05
2017-04-17,3.122651369458218e-05
2017-04-18,3.181706037636012e-05
2017-04-19,3.102964534740238e-05
2017-04-20,3.043897958554531e-05
2017-04-21,3.0163307627173452e-05
2017-04-24,3.043897958554531e-05
2017-04-25,3.193516014809994e-05
2017-04-26,3.1738324468122414e-05
2017-04-27,3.102964534740238e-05
2017-04-28,3.083276492499287e-05
2017-05-01,3.102964534740238e-05
2017-05-02,3.331272127016227e-05
2017-05-03,3.35094768402211e-05
2017-05-04,3.378491972272357e-05
2017-05-05,3.4296401969058365e-05
2017-05-08,3.4375087341276256e-05
2017-05-09,3.516184153773416e-05
2017-05-10,3.457179045573966e-05
2017-05-11,3.398165197565639e-05
2017-05-12,3.378491972272357e-05
2017-05-15,3.409968525769358e-05
2017-05-16,3.516184153773416e-05
2017-05-17,3.457179045573966e-05
2017-05-18,3.527984220630387e-05
2017-05-19,3.508317404654626e-05
2017-05-22,3.468980860099613e-05
2017-05-23,3.606641778031161e-05
2017-05-24,3.575180524739707e-05
2017-05-25,3.5869788444609085e-05
2017-05-26,3.594844274990017e-05
2017-05-30,3.594844274990017e-05
2017-05-31,3.75211747456472e-05
2017-06-01,3.744255382587269e-05
2017-06-02,3.763910555942829e-05
2017-06-05,3.744255382587269e-05
2017-06-06,3.783564759696212e-05
2017-06-07,3.842521554386913e-05
2017-06-08,3.842521554386913e-05
2017-06-09,3.8700318804485434e-05
2017-06-12,3.842521554386913e-05
2017-06-13,3.881821237960992e-05
2017-06-14,3.881821237960992e-05
2017-06-15,3.921117045457834e-05
2017-06-16,3.889680850055477e-05
2017-06-19,3.889680850055477e-05
2017-06-20,3.921117045457834e-05
2017-06-21,3.822870258818334e-05
2017-06-22,3.68528404399715e-05
2017-06-23,3.68528404399715e-05
2017-06-26,3.68528404399715e-05
2017-06-27,3.909328850681959e-05
2017-06-28,3.889680850055477e-05
2017-06-29,3.9604092118450396e-05
2017-06-30,3.921117045457834e-05
2017-07-03,3.948621945371045e-05
2017-07-05,4.0271965112026464e-05
2017-07-06,3.9800537249279344e-05
2017-07-07,3.9800537249279344e-05
2017-07-10,3.999697269474467e-05
2017-07-11,4.07826176416215e-05
2017-07-12,4.038981453313717e-05
2017-07-13,3.999697269474467e-05
2017-07-14,3.9800537249279344e-05
2017-07-17,4.0271965112026464e-05
2017-07-18,4.1057555840717797e-05
2017-07-19,4.2824573515565234e-05
2017-07-20,4.3923653820776565e-05
2017-07-21,4.4904718549787503e-05
2017-07-24,4.537554289107959e-05
2017-07-25,4.510090250997578e-05
2017-07-26,4.321713666755045e-05
2017-07-27,4.2549752549136954e-05
2017-07-28,4.156810769861963e-05
2017-07-31,4.156810769861963e-05
2017-08-01,4.176445601844492e-05
2017-08-02,4.145029312563331e-05
2017-08-03,4.176445601844492e-05
2017-08-04,4.156810769861963e-05
2017-08-07,4.07826176416215e-05
2017-08-08,4.06647798387727e-05
2017-08-09,4.046837731652708e-05
2017-08-10,4.019339845573455e-05
2017-08-11,3.999697269474467e-05
2017-08-14,3.9604092118450396e-05
2017-08-15,3.9800537249279344e-05
2017-08-16,3.889680850055477e-05
2017-08-17,3.8621718807307914e-05
2017-08-18,3.901469626166332e-05
2017-08-21,3.81107892251098e-05
2017-08-22,3.9289758824168075e-05
2017-08-23,3.8700318804485434e-05
2017-08-24,3.94076373011476e-05
2017-08-25,3.9289758824168075e-05
2017-08-28,3.9682670396334885e-05
2017-08-29,3.9879111652929566e-05
2017-08-30,3.94076373011476e-05
2017-08-31,3.8621718807307914e-05
2017-09-01,3.889680850055477e-05
2017-09-05,3.881821237960992e-05
2017-09-06,4.097900467447957e-05
2017-09-07,4.038981453313717e-05
2017-09-08,4.0271965112026464e-05
2017-09-11,4.0271965112026464e-05
2017-09-12,4.019339845573455e-05
2017-09-13,4.019339845573455e-05
2017-09-14,4.058622092828479e-05
2017-09-15,3.9879111652929566e-05
2017-09-18,3.948621945371045e-05
2017-09-19,4.019339845573455e-05
2017-09-20,4.0271965112026464e-05
2017-09-21,3.9800537249279344e-05
2017-09-22,3.9604092118450396e-05
2017-09-25,3.94076373011476e-05
2017-09-26,4.117538202752513e-05
2017-09-27,4.097900467447957e-05
2017-09-28,4.06647798387727e-05
2017-09-29,4.058622092828479e-05
2017-10-02,3.999697269474467e-05
2017-10-03,4.086117267987355e-05
2017-10-04,4.117538202752513e-05
2017-10-05,4.117538202752513e-05
2017-10-06,4.117538202752513e-05
2017-10-09,4.125392932241567e-05
2017-10-10,4.164664725148093e-05
2017-10-11,4.215712363175861e-05
2017-10-12,4.156810769861963e-05
2017-10-13,4.145029312563331e-05
2017-10-16,4.164664725148093e-05
2017-10-17,4.2353442927023366e-05
2017-10-18,4.215712363175861e-05
2017-10-19,4.203933115576319e-05
2017-10-20,4.243197168096735e-05
2017-10-23,4.2235656255273923e-05
2017-10-24,4.333489900698595e-05
2017-10-25,4.274605249943164e-05
2017-10-26,4.262827743417574e-05
2017-10-27,4.2353442927023366e-05
2017-10-30,4.243197168096735e-05
2017-10-31,4.431610870159197e-05
2017-11-01,4.4904718549787503e-05
2017-11-02,4.4904718549787503e-05
2017-11-03,4.529707681055761e-05
2017-11-06,4.568939643689873e-05
2017-11-07,4.686612358417719e-05
2017-11-08,4.714064699173903e-05
2017-11-09,4.7454356855825e-05
2017-11-10,4.73367208886355e-05
2017-11-13,4.674846557239931e-05
2017-11-14,4.890496478915374e-05
2017-11-15,4.851296167984742e-05
2017-11-16,4.851296167984742e-05
2017-11-17,4.890496478915374e-05
2017-11-20,4.890496478915374e-05
2017-11-21,5.0394225893812816e-05
2017-11-22,4.988480385859084e-05
2017-11-24,4.890496478915374e-05
2017-11-27,4.823853748825435e-05
2017-11-28,4.988480385859084e-05
2017-11-29,4.961047414231423e-05
2017-11-30,4.882656818727682e-05
2017-12-01,4.8708968055644064e-05
2017-12-04,4.9100951881486665e-05
2017-12-05,5.0590139744510765e-05
2017-12-06,4.980642653440448e-05
2017-12-07,4.9688855321194936e-05
2017-12-08,4.941451211259995e-05
2017-12-11,4.980642653440448e-05
2017-12-12,5.164790717038237e-05
2017-12-13,5.0198302409265594e-05
2017-12-14,5.0590139744510765e-05
2017-12-15,5.066850165325043e-05
2017-12-18,5.184376405575897e-05
2017-12-19,5.333192729017888e-05
2017-12-20,5.321446006600894e-05
2017-12-21,5.2039606644571634e-05
2017-12-22,5.117782350239075e-05
2017-12-26,5.137369882679543e-05
2017-12-27,5.548486242323847e-05
2017-12-28,5.399750326207098e-05
2017-12-29,5.341023529314981e-05
2018-01-02,5.43106783885694e-05
2018-01-03,5.399750326207098e-05
2018-01-04,5.399750326207098e-05
2018-01-05,5.399750326207098e-05
2018-01-08,5.438896715759256e-05
2018-01-09,5.5758787981252667e-05
2018-01-10,5.4976090893443796e-05
2018-01-11,5.52891891127949e-05
2018-01-12,5.5563128123603533e-05
2018-01-16,5.4976090893443796e-05
2018-01-17,5.5758787981252667e-05
2018-01-18,5.536745865719617e-05
2018-01-19,5.52891891127949e-05
2018-01-22,5.478039259454448e-05
2018-01-23,5.568052612425767e-05
2018-01-24,5.5563128123603533e-05
2018-01-25,5.489781366052604e-05
2018-01-26,5.4702111516702345e-05
2018-01-29,5.4193240017541555e-05
2018-01-30,5.61500788736069e-05
2018-01-31,5.6345709910310404e-05
2018-02-01,5.7245489911483816e-05
2018-02-02,5.7128142677775884e-05
2018-02-05,5.7441067171426496e-05
2018-02-06,5.861433382881032e-05
2018-02-07,5.9669973377252106e-05
2018-02-08,5.9669973377252106e-05
2018-02-09,6.0060880366030744e-05
2018-02-12,6.045174900570771e-05
2018-02-13,6.181949201478076e-05
2018-02-14,6.103798007806027e-05
2018-02-15,6.142875287884486e-05
2018-02-16,6.181949201478076e-05
2018-02-20,6.19367011605032e-05
2018-02-21,6.330393459408334e-05
2018-02-22,6.318676100702803e-05
2018-02-23,6.318676100702803e-05
2018-02-26,6.330393459408334e-05
2018-02-27,6.435833253171097e-05
2018-02-28,6.369448522902665e-05
2018-03-01,6.260084603337823e-05
2018-03-02,6.318676100702803e-05
2018-03-05,6.396784696605096e-05
2018-03-06,6.467069436300044e-05
2018-03-07,6.494398913359234e-05
2018-03-08,6.435833253171097e-05
2018-03-09,6.435833253171097e-05
2018-03-12,6.467069436300044e-05
2018-03-13,6.650532399077314e-05
2018-03-14,6.759789213539591e-05
2018-03-15,6.818307278266822e-05
2018-03-16,6.837811390081328e-05
2018-03-19,6.798802211616106e-05
2018-03-20,6.915818291153286e-05
2018-03-21,6.728575971393091e-05
2018-03-22,6.623213164624886e-05
2018-03-23,6.6427268288205e-05
2018-03-26,6.709066511412232e-05
2018-03-27,6.818307278266822e-05
2018-03-28,6.67004472534316e-05
2018-03-29,6.572473071542184e-05
2018-04-02,6.623213164624886e-05
2018-04-03,6.740281281891747e-05
2018-04-04,6.564666437203215e-05
2018-04-05,6.591989220883221e-05
2018-04-06,6.611504414300029e-05
2018-04-09,6.591989220883221e-05
2018-04-10,6.67004472534316e-05
2018-04-11,6.662239537336134e-05
2018-04-12,6.709066511412232e-05
2018-04-13,6.759789213539591e-05
2018-04-16,6.740281281891747e-05
2018-04-17,6.904118136574766e-05
2018-04-18,6.962615009076245e-05
2018-04-19,7.013305445457974e-05
2018-04-20,6.943117005819843e-05
2018-04-23,7.013305445457974e-05
2018-04-24,7.169235295667598e-05
2018-04-25,7.138054578903485e-05
2018-04-26,7.021103294513331e-05
2018-04-27,6.962615009076245e-05
2018-04-30,6.935317630318849e-05
2018-05-01,7.118564694685858e-05
2018-05-02,7.021103294513331e-05
2018-05-03,7.032800014306062e-05
2018-05-04,7.052293629383755e-05
2018-05-07,7.052293629383755e-05
2018-05-08,7.21600272517442e-05
2018-05-09,7.254971080516981e-05
2018-05-10,7.254971080516981e-05
2018-05-11,7.313416468379685e-05
2018-05-14,7.293935624974601e-05
2018-05-15,7.371853284321439e-05
2018-05-16,7.332896359324437e-05
2018-05-17,7.325104610123034e-05
2018-05-18,7.293935624974601e-05
2018-05-21,7.325104610123034e-05
2018-05-22,7.441966244892129e-05
2018-05-23,7.364062296910667e-05
2018-05-24,7.313416468379685e-05
2018-05-25,7.286143113827137e-05
2018-05-29,7.2354873792424e-05
2018-05-30,7.383539711969256e-05
2018-05-31,7.352375297942082e-05
2018-06-01,7.3445839296582e-05
2018-06-04,7.332896359324437e-05
2018-06-05,7.480912507573656e-05
2018-06-06,7.469228935641503e-05
2018-06-07,7.410806400653946e-05
2018-06-08,7.391330318529121e-05
2018-06-11,7.3445839296582e-05
2018-06-12,7.422491685860066e-05
2018-06-13,7.44975570912132e-05
2018-06-14,7.403016174922783e-05
2018-06-15,7.422491685860066e-05
2018-06-18,7.403016174922783e-05
2018-06-19,7.461439852107787e-05
2018-06-20,7.422491685860066e-05
2018-06-21,7.430281530829141e-05
2018-06-22,7.352375297942082e-05
2018-06-25,7.286143113827137e-05
2018-06-26,7.441966244892129e-05
2018-06-27,7.391330318529121e-05
2018-06-28,7.391330318529121e-05
2018-06-29,7.391330318529121e-05
2018-07-02,7.44975570912132e-05
2018-07-03,7.597728459396436e-05
2018-07-05,7.508172533676749e-05
2018-07-06,7.488701210456306e-05
2018-07-09,7.527642905391652e-05
2018-07-10,7.60551487908323e-05
2018-07-11,7.547112325712035e-05
2018-07-12,7.578261512319884e-05
2018-07-13,7.578261512319884e-05
2018-07-16,7.617194455389331e-05
2018-07-17,7.761213646495513e-05
2018-07-18,7.702833912515139e-05
2018-07-19,7.656123594523834e-05
2018-07-20,7.597728459396436e-05
2018-07-23,7.547112325712035e-05
2018-07-24,7.702833912515139e-05
2018-07-25,7.675586737843076e-05
2018-07-26,7.644445623400387e-05
2018-07-27,7.644445623400387e-05
2018-07-30,7.644445623400387e-05
2018-07-31,7.800128717527777e-05
2018-08-01,7.77288865967396e-05
2018-08-02,7.722294774303862e-05
2018-08-03,7.702833912515139e-05
2018-08-06,7.733970927925604e-05
2018-08-07,7.88961858841919e-05
2018-08-08,7.88961858841919e-05
2018-08-09,7.877947922807493e-05
2018-08-10,7.85849419846496e-05
2018-08-13,7.839039988111196e-05
2018-08-14,7.986868262244151e-05
2018-08-15,7.936301542565971e-05
2018-08-16,7.91685159471367e-05
2018-08-17,7.839039988111196e-05
2018-08-20,7.831258130752694e-05
2018-08-21,7.994647544662392e-05
2018-08-22,7.994647544662392e-05
2018-08-23,7.986868262244151e-05
2018-08-24,8.04520686050747e-05
2018-08-27,8.091870662707557e-05
2018-08-28,8.161857510935455e-05
2018-08-29,8.169632450649722e-05
2018-08-30,8.084094205407233e-05
2018-08-31,8.072428307737134e-05
2018-09-04,8.122977755298244e-05
2018-09-05,8.208507654194896e-05
2018-09-06,8.169632450649722e-05
2018-09-07,8.200733473029409e-05
2018-09-10,8.181295502684982e-05
2018-09-11,8.278474019607351e-05
2018-09-12,8.266813811874663e-05
2018-09-13,8.220169568340374e-05
2018-09-14,8.259039841584936e-05
2018-09-17,8.278474019607351e-05
2018-09-18,8.34454146767527e-05
2018-09-19,8.325110511964162e-05
2018-09-20,8.317338605579039e-05
2018-09-21,8.336769013794765e-05
2018-09-24,8.336769013794765e-05
2018-09-25,8.511604691863184e-05
2018-09-26,8.48052885285e-05
2018-09-27,8.402827723541506e-05
2018-09-28,8.441680182280642e-05
2018-10-01,8.461104527923702e-05
2018-10-02,8.538794294432606e-05
2018-10-03,8.519373735960123e-05
2018-10-04,8.519373735960123e-05
2018-10-05,8.499951304719033e-05
2018-10-08,8.499951304719033e-05
2018-10-09,8.577633497797166e-05
2018-10-10,8.713541365668043e-05
2018-10-11,8.694128397279677e-05
2018-10-12,8.705776106676666e-05
2018-10-15,8.752363539610286e-05
2018-10-16,8.868807370743248e-05
2018-10-17,8.868807370743248e-05
2018-10-18,8.849402891297764e-05
2018-10-19,8.868807370743248e-05
2018-10-22,8.861045137198431e-05
2018-10-23,8.985217181334271e-05
2018-10-24,8.965818370465506e-05
2018-10-25,8.946417689981168e-05
2018-10-26,8.919255890327271e-05
2018-10-29,8.868807370743248e-05
2018-10-30,8.958058026609095e-05
2018-10-31,8.938657893353685e-05
2018-11-01,8.907614420028409e-05
2018-11-02,8.919255890327271e-05
2018-11-05,8.899852942456654e-05
2018-11-06,9.062804831261317e-05
2018-11-07,9.062804831261317e-05
2018-11-08,9.03565096483927e-05
2018-11-09,9.024012894864875e-05
2018-11-12,9.024012894864875e-05
2018-11-13,9.004615972774133e-05
2018-11-14,9.120986117738816e-05
2018-11-15,9.062804831261317e-05
2018-11-16,9.024012894864875e-05
2018-11-19,9.024012894864875e-05
2018-11-20,9.15976861455281e-05
2018-11-21,9.217934820515694e-05
2018-11-23,9.210180310037508e-05
2018-11-26,9.190791524482655e-05
2018-11-27,9.229567227708735e-05
2018-11-28,9.15976861455281e-05
2018-11-29,9.062804831261317e-05
2018-11-30,9.055047301020913e-05
2018-12-03,8.977458140324579e-05
2018-12-04,9.27609346073055e-05
2018-12-06,9.229567227708735e-05
2018-12-07,9.179157985195197e-05
2018-12-10,9.140377375693731e-05
2018-12-11,9.295477171633593e-05
2018-12-12,9.314860863818275e-05
2018-12-13,9.268339157708638e-05
2018-12-14,9.287724170148337e-05
2018-12-17,9.179157985195197e-05
2018-12-18,9.132621355623094e-05
2018-12-19,9.171402719987398e-05
2018-12-20,9.15976861455281e-05
2018-12-21,9.140377375693731e-05
2018-12-24,9.152012047342062e-05
2018-12-26,9.334243613068338e-05
2018-12-27,9.210180310037508e-05
2018-12-28,9.132621355623094e-05
2018-12-31,9.024012894864875e-05
2019-01-02,9.27609346073055e-05
2019-01-03,9.237322285304828e-05
2019-01-04,9.24895412650617e-05
2019-01-07,9.229567227708735e-05
2019-01-08,9.411763334465917e-05
2019-01-09,9.373005359014641e-05
2019-01-10,9.314860863818275e-05
2019-01-11,9.295477171633593e-05
2019-01-14,9.256707882410176e-05
2019-01-15,9.345871701049724e-05
2019-01-16,9.268339157708638e-05
2019-01-17,9.237322285304828e-05
2019-01-18,9.210180310037508e-05
2019-01-22,9.198547336830565e-05
2019-01-23,9.229567227708735e-05
2019-01-24,9.043409797593327e-05
2019-01-25,9.132621355623094e-05
2019-01-28,9.152012047342062e-05
2019-01-29,9.27609346073055e-05
2019-01-30,9.27609346073055e-05
2019-01-31,9.179157985195197e-05
2019-02-01,9.179157985195197e-05
2019-02-04,9.15976861455281e-05
2019-02-05,9.27609346073055e-05
2019-02-06,9.27609346073055e-05
2019-02-07,9.237322285304828e-05
2019-02-08,9.27609346073055e-05
2019-02-11,9.314860863818275e-05
2019-02-12,9.326490441674551e-05
2019-02-13,9.307107315259522e-05
2019-02-14,9.307107315259522e-05
2019-02-15,9.295477171633593e-05
2019-02-19,9.307107315259522e-05
2019-02-20,9.345871701049724e-05
2019-02-21,9.392384355977335e-05
2019-02-22,9.384632315834196e-05
2019-02-25,9.384632315834196e-05
2019-02-26,9.411763334465917e-05
2019-02-27,9.384632315834196e-05
2019-02-28,9.345871701049724e-05
2019-03-01,9.326490441674551e-05
2019-03-04,9.314860863818275e-05
2019-03-05,9.411763334465917e-05
2019-03-06,9.431140446491959e-05
2019-03-07,9.392384355977335e-05
2019-03-08,9.384632315834196e-05
2019-03-11,9.334243613068338e-05
2019-03-12,9.392384355977335e-05
2019-03-13,9.365252941839763e-05
2019-03-14,9.365252941839763e-05
2019-03-15,9.365252941839763e-05
2019-03-18,9.353624495322954e-05
2019-03-19,9.431140446491959e-05
2019-03-20,9.442766630995969e-05
2019-03-21,9.442766630995969e-05
2019-03-22,9.404011671354517e-05
2019-03-25,9.373005359014641e-05
2019-03-26,9.431140446491959e-05
2019-03-27,9.326490441674551e-05
2019-03-28,9.295477171633593e-05
2019-03-29,9.132621355623094e-05
2019-04-01,9.113228795487593e-05
2019-04-02,9.295477171633593e-05
2019-04-03,9.307107315259522e-05
2019-04-04,9.295477171633593e-05
2019-04-05,9.295477171633593e-05
2019-04-08,9.27609346073055e-05
2019-04-09,9.27609346073055e-05
2019-04-10,9.268339157708638e-05
2019-04-11,9.27609346073055e-05
2019-04-12,9.314860863818275e-05
2019-04-15,9.256707882410176e-05
2019-04-16,9.326490441674551e-05
2019-04-17,9.334243613068338e-05
2019-04-18,9.27609346073055e-05
2019-04-22,9.314860863818275e-05
2019-04-23,9.373005359014641e-05
2019-04-24,9.314860863818275e-05
2019-04-25,9.27609346073055e-05
2019-04-26,9.256707882410176e-05
2019-04-29,9.256707882410176e-05
2019-04-30,9.287724170148337e-05
2019-05-01,9.268339157708638e-05
2019-05-02,9.307107315259522e-05
2019-05-03,9.287724170148337e-05
2019-05-06,9.268339157708638e-05
2019-05-07,9.287724170148337e-05
2019-05-08,9.295477171633593e-05
2019-05-09,9.295477171633593e-05
2019-05-10,9.295477171633593e-05
2019-05-13,9.217934820515694e-05
2019-05-14,9.229567227708735e-05
2019-05-15,9.217934820515694e-05
2019-05-16,9.171402719987398e-05
2019-05-17,9.140377375693731e-05
2019-05-20,9.101592991300755e-05
2019-05-21,9.140377375693731e-05
2019-05-22,9.101592991300755e-05
2019-05-23,9.03565096483927e-05
2019-05-24,8.977458140324579e-05
2019-05-28,9.016254609317542e-05
2019-05-29,9.016254609317542e-05
2019-05-30,9.062804831261317e-05
2019-05-31,8.996856384535512e-05
2019-06-03,8.946417689981168e-05
2019-06-04,9.004615972774133e-05
2019-06-05,8.965818370465506e-05
2019-06-06,8.849402891297764e-05
2019-06-07,8.694128397279677e-05
2019-06-10,8.713541365668043e-05
2019-06-11,8.686363685628251e-05
2019-06-12,8.499951304719033e-05
2019-06-13,8.402827723541506e-05
2019-06-14,8.34454146767527e-05
2019-06-17,8.395056406595991e-05
2019-06-18,8.511604691863184e-05
2019-06-19,8.34454146767527e-05
2019-06-20,8.161857510935455e-05
2019-06-21,8.072428307737134e-05
2019-06-24,8.084094205407233e-05
2019-06-25,8.181295502684982e-05
2019-06-26,8.220169568340374e-05
2019-06-27,8.189070989983449e-05
2019-06-28,7.994647544662392e-05
2019-07-01,8.111312996073039e-05
2019-07-02,8.43390962310675e-05
2019-07-03,8.441680182280642e-05
2019-07-05,8.492182808050863e-05
2019-07-08,8.550446545574353e-05
2019-07-09,8.616468915567665e-05
2019-07-10,8.363971475855436e-05
2019-07-11,8.239605642335057e-05
2019-07-12,8.208507654194896e-05
2019-07-15,8.189070989983449e-05
2019-07-16,8.259039841584936e-05
2019-07-17,8.142417643863809e-05
2019-07-18,7.909070793199469e-05
2019-07-19,7.909070793199469e-05
2019-07-22,7.955751468413652e-05
2019-07-23,7.986868262244151e-05
2019-07-24,8.014093695329905e-05
2019-07-25,8.091870662707557e-05
2019-07-26,8.103535991166311e-05
2019-07-29,8.052984076822867e-05
2019-07-30,8.014093695329905e-05
2019-07-31,7.975199517495923e-05
2019-08-01,7.975199517495923e-05
2019-08-02,7.85849419846496e-05
2019-08-05,7.675586737843076e-05
2019-08-06,7.839039988111196e-05
2019-08-07,7.733970927925604e-05
2019-08-08,7.741754685586244e-05
2019-08-09,7.663909337174424e-05
2019-08-12,7.578261512319884e-05
2019-08-13,7.683372100175667e-05
2019-08-14,7.500384211422961e-05
2019-08-15,7.247177807245819e-05
2019-08-16,7.169235295667598e-05
2019-08-19,7.286143113827137e-05
2019-08-20,7.469228935641503e-05
2019-08-21,7.578261512319884e-05
2019-08-22,7.617194455389331e-05
2019-08-23,7.508172533676749e-05
2019-08-26,7.597728459396436e-05
2019-08-27,7.636659500387388e-05
2019-08-28,7.624980958764738e-05
2019-08-29,7.624980958764738e-05
2019-08-30,7.597728459396436e-05
2019-09-03,7.508172533676749e-05
2019-09-04,7.488701210456306e-05
2019-09-05,7.547112325712035e-05
2019-09-06,7.508172533676749e-05
2019-09-09,7.500384211422961e-05
2019-09-10,7.519854963722317e-05
2019-09-11,7.519854963722317e-05
2019-09-12,7.44975570912132e-05
2019-09-13,7.469228935641503e-05
2019-09-16,7.644445623400387e-05
2019-09-17,7.617194455389331e-05
2019-09-18,7.391330318529121e-05
2019-09-19,7.403016174922783e-05
2019-09-20,7.274453829064775e-05
2019-09-23,7.254971080516981e-05
2019-09-24,7.391330318529121e-05
2019-09-25,7.254971080516981e-05
2019-09-26,6.962615009076245e-05
2019-09-27,6.806604259845805e-05
2019-09-30,6.962615009076245e-05
2019-10-01,6.896317997640011e-05
2019-10-02,6.826108944557596e-05
2019-10-03,6.552955966210305e-05
2019-10-04,6.51391888721875e-05
2019-10-07,6.584182968927266e-05
2019-10-08,6.51391888721875e-05
2019-10-09,6.408499758525643e-05
2019-10-10,6.428023941107419e-05
2019-10-11,6.388974619153664e-05
2019-10-14,6.369448522902665e-05
2019-10-15,6.369448522902665e-05
2019-10-16,6.357732312700648e-05
2019-10-17,6.396784696605096e-05
2019-10-18,6.396784696605096e-05
2019-10-21,6.396784696605096e-05
2019-10-22,6.357732312700648e-05
2019-10-23,6.357732312700648e-05
2019-10-24,6.388974619153664e-05
2019-10-25,6.396784696605096e-05
2019-10-28,6.318676100702803e-05
2019-10-29,6.279616059834403e-05
2019-10-30,6.279616059834403e-05
2019-10-31,5.900534439695626e-05
2019-11-01,5.849702224303144e-05
2019-11-04,5.920083529198372e-05
2019-11-05,5.978725043287447e-05
2019-11-06,5.9669973377252106e-05
2019-11-07,5.978725043287447e-05
2019-11-08,5.947450549981248e-05
2019-11-11,5.959178830905465e-05
2019-11-12,6.037357927723974e-05
2019-11-13,6.045174900570771e-05
2019-11-14,6.017814591618986e-05
2019-11-15,6.017814591618986e-05
2019-11-18,5.9982702968364165e-05
2019-11-19,6.0060880366030744e-05
2019-11-20,5.986543166569547e-05
2019-11-21,6.025631947892407e-05
2019-11-22,6.0764417243230895e-05
2019-11-25,6.084257930427661e-05
2019-11-26,6.162412956567387e-05
2019-11-27,6.162412956567387e-05
2019-11-29,6.064716894726985e-05
2019-12-02,6.0569003052624026e-05
2019-12-03,6.0569003052624026e-05
2019-12-04,5.900534439695626e-05
2019-12-05,5.8809843909601867e-05
2019-12-06,5.8301496811186126e-05
2019-12-09,5.900534439695626e-05
2019-12-10,5.9669973377252106e-05
2019-12-11,5.986543166569547e-05
2019-12-12,6.025631947892407e-05
2019-12-13,5.9982702968364165e-05
2019-12-16,6.0060880366030744e-05
2019-12-17,6.025631947892407e-05
2019-12-18,5.978725043287447e-05
2019-12-19,6.037357927723974e-05
2019-12-20,6.017814591618986e-05
2019-12-23,5.986543166569547e-05
2019-12-24,6.0569003052624026e-05
2019-12-26,6.045174900570771e-05
2019-12-27,5.978725043287447e-05
2019-12-30,5.8692538080107326e-05
2019-12-31,5.927902803226637e-05
2020-01-02,5.888804432330197e-05
2020-01-03,5.802774601804117e-05
2020-01-06,5.861433382881032e-05
2020-01-07,5.908354097372559e-05
2020-01-08,5.8809843909601867e-05
2020-01-09,5.908354097372559e-05
2020-01-10,5.900534439695626e-05
2020-01-13,5.947450549981248e-05
2020-01-14,6.025631947892407e-05
2020-01-15,5.9396316595794474e-05
2020-01-16,5.978725043287447e-05
2020-01-17,5.9982702968364165e-05
2020-01-21,5.920083529198372e-05
2020-01-22,5.959178830905465e-05
2020-01-23,5.9669973377252106e-05
2020-01-24,5.8692538080107326e-05
2020-01-27,5.927902803226637e-05
2020-01-28,6.025631947892407e-05
2020-01-29,5.986543166569547e-05
2020-01-30,6.017814591618986e-05
2020-01-31,5.947450549981248e-05
2020-02-03,5.978725043287447e-05
2020-02-04,6.0569003052624026e-05
2020-02-05,5.986543166569547e-05
2020-02-06,6.025631947892407e-05
2020-02-07,5.978725043287447e-05
2020-02-10,5.986543166569547e-05
2020-02-11,6.0569003052624026e-05
2020-02-12,6.045174900570771e-05
2020-02-13,6.084257930427661e-05
2020-02-14,6.045174900570771e-05
2020-02-18,6.045174900570771e-05
2020-02-19,6.0764417243230895e-05
2020-02-20,6.0569003052624026e-05
2020-02-21,5.978725043287447e-05
2020-02-24,5.920083529198372e-05
2020-02-25,5.8692538080107326e-05
2020-02-26,5.822328488402917e-05
2020-02-27,5.4976090893443796e-05
2020-02-28,4.851296167984742e-05
2020-03-02,4.4787002601021086e-05
2020-03-03,3.6263037412442856e-05
2020-03-04,2.6696074063359276e-05
2020-03-05,2.354142367244627e-05
2020-03-06,1.643431130160522e-05
2020-03-09,1.3073764350224337e-05
2020-03-10,1.5446208866176647e-05
2020-03-11,1.4576476765171265e-05
2020-03-12,1.081863128815641e-05
2020-03-13,9.631206425053662e-06
2020-03-16,7.334514522172597e-06
2020-03-17,6.5422448567442615e-06
2020-03-18,1.1904584140687291e-07
2020-03-19,-1.111266112574505e-06
2020-03-20,-1.3097390636485073e-06
2020-03-23,-1.587617836529276e-06
2020-03-24,-1.3097390636485073e-06
2020-03-25,-2.7787466050366305e-06
2020-03-26,-4.168846879260002e-06
2020-03-27,-2.302252303687524e-06
2020-03-30,5.158396307880508e-07
2020-03-31,1.1902983365619235e-06
2020-04-01,2.499215993712056e-06
2020-04-02,2.578530378549715e-06
2020-04-03,2.3009226801651295e-06
2020-04-06,2.3802411603934814e-06
2020-04-07,5.076130181524974e-06
2020-04-08,7.334514522172597e-06
2020-04-09,8.324629954037377e-06
2020-04-13,7.92861354415031e-06
2020-04-14,6.5422448567442615e-06
2020-04-15,4.560880549009383e-06
2020-04-16,4.362689823400601e-06
2020-04-17,4.085206420478826e-06
2020-04-20,2.7768098762592786e-06
2020-04-21,3.886992030022185e-06
2020-04-22,3.6887680732178296e-06
2020-04-23,3.6887680732178296e-06
2020-04-24,3.9662790878303156e-06
2020-04-27,3.6887680732178296e-06
2020-04-28,3.3715888723140353e-06
2020-04-29,3.569828905813921e-06
2020-04-30,3.569828905813921e-06
2020-05-01,3.6887680732178296e-06
2020-05-04,3.569828905813921e-06
2020-05-05,4.362689823400601e-06
2020-05-06,4.283410949712518e-06
2020-05-07,3.768058780329042e-06
2020-05-08,3.768058780329042e-06
2020-05-11,4.164489238123181e-06
2020-05-12,4.877965086302893e-06
2020-05-13,4.560880549009383e-06
2020-05-14,4.164489238123181e-06
2020-05-15,4.085206420478826e-06
2020-05-18,4.164489238123181e-06
2020-05-19,4.679790134076711e-06
2020-05-20,4.679790134076711e-06
2020-05-21,4.362689823400601e-06
2020-05-22,4.362689823400601e-06
2020-05-26,4.679790134076711e-06
2020-05-27,5.3535445796448755e-06
2020-05-28,5.472430214092938e-06
2020-05-29,5.076130181524974e-06
2020-06-01,5.076130181524974e-06
2020-06-02,5.7498170200620535e-06
2020-06-03,5.868691420829464e-06
2020-06-04,5.551685726690181e-06
2020-06-05,5.7498170200620535e-06
2020-06-08,6.066806950366654e-06
2020-06-09,6.5422448567442615e-06
2020-06-10,6.5422448567442615e-06
2020-06-11,6.066806950366654e-06
2020-06-12,5.947939051065276e-06
2020-06-15,6.146050639976863e-06
2020-06-16,6.344152377879553e-06
2020-06-17,6.5422448567442615e-06
2020-06-18,5.551685726690181e-06
2020-06-19,5.670566039395197e-06
2020-06-22,5.551685726690181e-06
2020-06-23,5.551685726690181e-06
2020-06-24,5.3535445796448755e-06
2020-06-25,5.15539298739931e-06
2020-06-26,5.274285125311806e-06
2020-06-29,4.957232130120559e-06
2020-06-30,5.3535445796448755e-06
2020-07-01,5.15539298739931e-06
2020-07-02,5.274285125311806e-06
2020-07-06,5.076130181524974e-06
2020-07-07,5.551685726690181e-06
2020-07-08,5.3535445796448755e-06
2020-07-09,4.877965086302893e-06
2020-07-10,4.7590611207404265e-06
2020-07-13,4.957232130120559e-06
2020-07-14,5.274285125311806e-06
2020-07-15,4.957232130120559e-06
2020-07-16,4.085206420478826e-06
2020-07-17,4.164489238123181e-06
2020-07-20,4.164489238123181e-06
2020-07-21,4.362689823400601e-06
2020-07-22,3.9662790878303156e-06
2020-07-23,4.085206420478826e-06
2020-07-24,3.886992030022185e-06
2020-07-27,3.6887680732178296e-06
2020-07-28,4.085206420478826e-06
2020-07-29,3.569828905813921e-06
2020-07-30,3.3715888723140353e-06
2020-07-31,3.2922899788623283e-06
2020-08-03,3.09403642995143e-06
2020-08-04,3.569828905813921e-06
2020-08-05,3.768058780329042e-06
2020-08-06,3.490533957872799e-06
2020-08-07,3.490533957872799e-06
2020-08-10,3.490533957872799e-06
2020-08-11,3.9662790878303156e-06
2020-08-12,3.9662790878303156e-06
2020-08-13,3.569828905813921e-06
2020-08-14,3.490533957872799e-06
2020-08-17,3.3715888723140353e-06
2020-08-18,3.9662790878303156e-06
2020-08-19,3.768058780329042e-06
2020-08-20,3.490533957872799e-06
2020-08-21,3.490533957872799e-06
2020-08-24,3.3715888723140353e-06
2020-08-25,3.768058780329042e-06
2020-08-26,3.6887680732178296e-06
2020-08-27,3.768058780329042e-06
2020-08-28,3.768058780329042e-06
2020-08-31,3.768058780329042e-06
2020-09-01,3.9662790878303156e-06
2020-09-02,3.9662790878303156e-06
2020-09-03,3.9662790878303156e-06
2020-09-04,4.085206420478826e-06
2020-09-08,4.283410949712518e-06
2020-09-09,4.164489238123181e-06
2020-09-10,4.085206420478826e-06
2020-09-11,4.085206420478826e-06
2020-09-14,3.9662790878303156e-06
2020-09-15,3.9662790878303156e-06
2020-09-16,3.9662790878303156e-06
2020-09-17,3.3715888723140353e-06
2020-09-18,3.2922899788623283e-06
2020-09-21,3.173338974260531e-06
2020-09-22,3.490533957872799e-06
2020-09-23,3.490533957872799e-06
2020-09-24,3.6887680732178296e-06
2020-09-25,3.569828905813921e-06
2020-09-28,3.490533957872799e-06
2020-09-29,3.3715888723140353e-06
2020-09-30,3.3715888723140353e-06
2020-10-01,3.2922899788623283e-06
2020-10-02,3.3715888723140353e-06
2020-10-05,3.3715888723140353e-06
2020-10-06,3.490533957872799e-06
2020-10-07,3.490533957872799e-06
2020-10-08,3.490533957872799e-06
2020-10-09,3.6887680732178296e-06
2020-10-12,3.569828905813921e-06
2020-10-13,3.6887680732178296e-06
2020-10-14,3.9662790878303156e-06
2020-10-15,3.768058780329042e-06
2020-10-16,3.569828905813921e-06
2020-10-19,3.569828905813921e-06
2020-10-20,3.768058780329042e-06
2020-10-21,3.569828905813921e-06
2020-10-22,3.3715888723140353e-06
2020-10-23,3.2922899788623283e-06
2020-10-26,3.173338974260531e-06
2020-10-27,3.569828905813921e-06
2020-10-28,3.569828905813921e-06
2020-10-29,3.2922899788623283e-06
2020-10-30,3.2922899788623283e-06
2020-11-02,3.2922899788623283e-06
2020-11-03,3.569828905813921e-06
2020-11-04,3.2922899788623283e-06
2020-11-05,3.3715888723140353e-06
2020-11-06,3.2922899788623283e-06
2020-11-09,3.490533957872799e-06
2020-11-10,3.569828905813921e-06
2020-11-11,3.569828905813921e-06
2020-11-12,3.3715888723140353e-06
2020-11-13,3.2922899788623283e-06
2020-11-16,2.9750795063065993e-06
2020-11-17,3.173338974260531e-06
2020-11-18,2.9750795063065993e-06
2020-11-19,2.3802411603934814e-06
2020-11-20,2.3009226801651295e-06
2020-11-23,2.7768098762592786e-06
2020-11-24,3.173338974260531e-06
2020-11-25,3.173338974260531e-06
2020-11-27,2.8957727200573657e-06
2020-11-30,2.9750795063065993e-06
2020-12-01,3.173338974260531e-06
2020-12-02,2.9750795063065993e-06
2020-12-03,2.9750795063065993e-06
2020-12-04,2.9750795063065993e-06
2020-12-07,2.7768098762592786e-06
2020-12-08,2.697499438486517e-06
2020-12-09,2.7768098762592786e-06
2020-12-10,2.7768098762592786e-06
2020-12-11,2.578530378549715e-06
2020-12-14,2.3802411603934814e-06
2020-12-15,2.7768098762592786e-06
2020-12-16,2.9750795063065993e-06
2020-12-17,3.173338974260531e-06
2020-12-18,3.173338974260531e-06
2020-12-21,3.09403642995143e-06
2020-12-22,3.09403642995143e-06
2020-12-23,2.9750795063065993e-06
2020-12-24,2.9750795063065993e-06
2020-12-28,3.173338974260531e-06
2020-12-29,3.569828905813921e-06
2020-12-30,2.7768098762592786e-06
2020-12-31,2.578530378549715e-06
2021-01-04,2.697499438486517e-06
2021-01-05,3.09403642995143e-06
2021-01-06,3.09403642995143e-06
2021-01-07,3.173338974260531e-06
2021-01-08,3.173338974260531e-06
2021-01-11,3.173338974260531e-06
2021-01-12,3.173338974260531e-06
2021-01-13,3.173338974260531e-06
2021-01-14,2.9750795063065993e-06
2021-01-15,2.9750795063065993e-06
2021-01-19,2.8957727200573657e-06
2021-01-20,2.9750795063065993e-06
2021-01-21,2.8957727200573657e-06
2021-01-22,2.7768098762592786e-06
2021-01-25,2.7768098762592786e-06
2021-01-26,2.697499438486517e-06
2021-01-27,2.3802411603934814e-06
2021-01-28,2.1819420727986483e-06
2021-01-29,1.9043067378543554e-06
2021-02-01,1.9043067378543554e-06
2021-02-02,1.9836331146549924e-06
2021-02-03,1.5869854355088364e-06
2021-02-04,1.1902983365619235e-06
2021-02-05,9.125938866816341e-07
2021-02-08,7.935717363238837e-07
2021-02-09,1.3093086357329753e-06
2021-02-10,1.3886468601675972e-06
2021-02-11,1.3886468601675972e-06
2021-02-12,1.3886468601675972e-06
2021-02-16,1.3886468601675972e-06
2021-02-17,1.3886468601675972e-06
2021-02-18,9.125938866816341e-07
2021-02-19,9.125938866816341e-07
2021-02-22,9.919400114632992e-07
2021-02-23,9.125938866816341e-07
2021-02-24,1.1109562358946334e-06
2021-02-25,1.3093086357329753e-06
2021-02-26,1.3886468601675972e-06
2021-03-01,1.1109562358946334e-06
2021-03-02,1.3886468601675972e-06
2021-03-03,1.3886468601675972e-06
2021-03-04,1.1109562358946334e-06
2021-03-05,1.1109562358946334e-06
2021-03-08,1.3886468601675972e-06
2021-03-09,1.3886468601675972e-06
2021-03-10,1.1902983365619235e-06
2021-03-11,1.1109562358946334e-06
2021-03-12,9.919400114632992e-07
2021-03-15,5.95193620611667e-07
2021-03-16,3.1744768524966105e-07
2021-03-17,3.1744768524966105e-07
2021-03-18,1.1904584140687291e-07
2021-03-19,1.9840775355994822e-07
2021-03-22,1.9840775355994822e-07
2021-03-23,3.968056268011111e-07
2021-03-24,5.95193620611667e-07
2021-03-25,5.95193620611667e-07
2021-03-26,5.95193620611667e-07
2021-03-29,3.1744768524966105e-07
2021-03-30,5.158396307880508e-07
2021-03-31,5.158396307880508e-07
2021-04-01,3.1744768524966105e-07
2021-04-05,5.95193620611667e-07
2021-04-06,5.95193620611667e-07
2021-04-07,3.968056268011111e-07
2021-04-08,1.9840775355994822e-07
2021-04-09,1.1904584140687291e-07
2021-04-12,3.968056268011111e-07
2021-04-13,5.95193620611667e-07
2021-04-14,5.95193620611667e-07
2021-04-15,3.968056268011111e-07
2021-04-16,3.1744768524966105e-07
2021-04-19,5.95193620611667e-07
2021-04-20,5.95193620611667e-07
2021-04-21,5.158396307880508e-07
2021-04-22,5.95193620611667e-07
2021-04-23,5.95193620611667e-07
2021-04-26,3.1744768524966105e-07
2021-04-27,3.968056268011111e-07
2021-04-28,3.1744768524966105e-07
2021-04-29,3.1744768524966105e-07
2021-04-30,1.1904584140687291e-07
2021-05-03,1.9840775355994822e-07
2021-05-04,3.968056268011111e-07
2021-05-05,3.1744768524966105e-07
2021-05-06,3.1744768524966105e-07
2021-05-07,3.1744768524966105e-07
2021-05-10,1.9840775355994822e-07
2021-05-11,3.968056268011111e-07
2021-05-12,3.968056268011111e-07
2021-05-13,3.1744768524966105e-07
2021-05-14,1.9840775355994822e-07
2021-05-17,1.9840775355994822e-07
2021-05-18,3.968056268011111e-07
2021-05-19,1.9840775355994822e-07
2021-05-20,1.1904584140687291e-07
2021-05-21,1.1904584140687291e-07
2021-05-24,1.1904584140687291e-07
2021-05-25,3.968056268011111e-07
2021-05-26,1.9840775355994822e-07
2021-05-27,1.9840775355994822e-07
2021-05-28,3.1744768524966105e-07
2021-06-01,3.968056268011111e-07
2021-06-02,5.95193620611667e-07
2021-06-03,5.95193620611667e-07
2021-06-04,5.95193620611667e-07
2021-06-07,7.142216607025631e-07
2021-06-08,7.935717363238837e-07
2021-06-09,7.935717363238837e-07
2021-06-10,7.935717363238837e-07
2021-06-11,7.142216607025631e-07
2021-06-14,5.95193620611667e-07
2021-06-15,7.935717363238837e-07
2021-06-16,1.1109562358946334e-06
2021-06-17,1.1109562358946334e-06
2021-06-18,1.1109562358946334e-06
2021-06-21,1.1902983365619235e-06
2021-06-22,1.5076511605816023e-06
2021-06-23,1.5869854355088364e-06
2021-06-24,1.7059839594324444e-06
2021-06-25,1.7059839594324444e-06
2021-06-28,1.5869854355088364e-06
2021-06-29,1.5869854355088364e-06
2021-06-30,1.5869854355088364e-06
2021-07-01,1.5869854355088364e-06
2021-07-02,1.5076511605816023e-06
2021-07-06,1.5869854355088364e-06
2021-07-07,1.7059839594324444e-06
2021-07-08,1.7059839594324444e-06
2021-07-09,1.7059839594324444e-06
2021-07-12,1.7059839594324444e-06
2021-07-13,1.7853142850743353e-06
2021-07-14,1.7853142850743353e-06
2021-07-15,1.5076511605816023e-06
2021-07-16,1.5076511605816023e-06
2021-07-19,1.5869854355088364e-06
2021-07-20,1.7853142850743353e-06
2021-07-21,1.7853142850743353e-06
2021-07-22,1.7059839594324444e-06
2021-07-23,1.7853142850743353e-06
2021-07-26,1.5869854355088364e-06
2021-07-27,1.7853142850743353e-06
2021-07-28,1.7853142850743353e-06
2021-07-29,1.5869854355088364e-06
2021-07-30,1.5869854355088364e-06
2021-08-02,1.5076511605816023e-06
2021-08-03,1.7853142850743353e-06
2021-08-04,1.7853142850743353e-06
2021-08-05,1.7059839594324444e-06
2021-08-06,1.7059839594324444e-06
2021-08-09,1.7853142850743353e-06
2021-08-10,1.9836331146549924e-06
2021-08-11,1.7853142850743353e-06
2021-08-12,1.7059839594324444e-06
2021-08-13,1.7853142850743353e-06
2021-08-16,2.3009226801651295e-06
2021-08-17,2.499215993712056e-06
2021-08-18,2.1819420727986483e-06
2021-08-19,1.7059839594324444e-06
2021-08-20,1.7059839594324444e-06
2021-08-23,1.5869854355088364e-06
2021-08-24,1.9043067378543554e-06
2021-08-25,1.7853142850743353e-06
2021-08-26,1.7059839594324444e-06
2021-08-27,1.7059839594324444e-06
2021-08-30,1.5076511605816023e-06
2021-08-31,1.5869854355088364e-06
2021-09-01,1.5869854355088364e-06
2021-09-02,1.5869854355088364e-06
2021-09-03,1.5869854355088364e-06
2021-09-07,1.3886468601675972e-06
2021-09-08,1.5869854355088364e-06
2021-09-09,1.5076511605816023e-06
2021-09-10,1.5076511605816023e-06
2021-09-13,1.5076511605816023e-06
2021-09-14,1.3886468601675972e-06
2021-09-15,1.3886468601675972e-06
2021-09-16,1.1902983365619235e-06
2021-09-17,1.1109562358946334e-06
2021-09-20,9.919400114632992e-07
2021-09-21,7.935717363238837e-07
2021-09-22,9.919400114632992e-07
2021-09-23,9.919400114632992e-07
2021-09-24,9.919400114632992e-07
2021-09-27,9.919400114632992e-07
2021-09-28,1.1902983365619235e-06
2021-09-29,1.1902983365619235e-06
2021-09-30,1.1109562358946334e-06
2021-10-01,1.1109562358946334e-06
2021-10-04,1.1109562358946334e-06
2021-10-05,1.3886468601675972e-06
2021-10-06,1.5869854355088364e-06
2021-10-07,1.5869854355088364e-06
2021-10-08,1.5869854355088364e-06
2021-10-11,1.5869854355088364e-06
2021-10-12,1.5869854355088364e-06
2021-10-13,1.7853142850743353e-06
2021-10-14,1.5869854355088364e-06
2021-10-15,1.5076511605816023e-06
2021-10-18,1.7059839594324444e-06
2021-10-19,1.9836331146549924e-06
2021-10-20,1.9836331146549924e-06
2021-10-21,1.9836331146549924e-06
2021-10-22,1.9836331146549924e-06
2021-10-25,1.9836331146549924e-06
2021-10-26,1.9836331146549924e-06
2021-10-27,1.9836331146549924e-06
2021-10-28,1.9043067378543554e-06
2021-10-29,1.9043067378543554e-06
2021-11-01,1.5869854355088364e-06
2021-11-02,1.7853142850743353e-06
2021-11-03,1.7853142850743353e-06
2021-11-04,1.3886468601675972e-06
2021-11-05,1.5869854355088364e-06
2021-11-08,1.3886468601675972e-06
2021-11-09,1.5869854355088364e-06
2021-11-10,1.7853142850743353e-06
2021-11-11,1.5869854355088364e-06
2021-11-12,1.7059839594324444e-06
2021-11-15,1.5076511605816023e-06
2021-11-16,1.5869854355088364e-06
2021-11-17,1.7853142850743353e-06
2021-11-18,1.7853142850743353e-06
2021-11-19,1.7853142850743353e-06
2021-11-22,1.5869854355088364e-06
2021-11-23,1.7853142850743353e-06
2021-11-24,1.9836331146549924e-06
2021-11-26,1.7059839594324444e-06
2021-11-29,1.5076511605816023e-06
2021-11-30,1.9043067378543554e-06
2021-12-01,1.9836331146549924e-06
2021-12-02,1.7059839594324444e-06
2021-12-03,1.7059839594324444e-06
2021-12-06,1.7059839594324444e-06
2021-12-07,2.3009226801651295e-06
2021-12-08,2.3802411603934814e-06
2021-12-09,2.102619644395176e-06
2021-12-10,1.9836331146549924e-06
2021-12-13,1.7059839594324444e-06
2021-12-14,1.9043067378543554e-06
2021-12-15,1.7853142850743353e-06
2021-12-16,1.3886468601675972e-06
2021-12-17,1.1902983365619235e-06
2021-12-20,1.5076511605816023e-06
2021-12-21,2.578530378549715e-06
2021-12-22,2.578530378549715e-06
2021-12-23,2.3009226801651295e-06
2021-12-27,1.7059839594324444e-06
2021-12-28,1.9836331146549924e-06
2021-12-29,1.7853142850743353e-06
2021-12-30,9.919400114632992e-07
2021-12-31,1.3093086357329753e-06
2022-01-03,2.102619644395176e-06
2022-01-04,3.173338974260531e-06
2022-01-05,3.3715888723140353e-06
2022-01-06,3.569828905813921e-06
2022-01-07,3.490533957872799e-06
2022-01-10,3.569828905813921e-06
2022-01-11,4.679790134076711e-06
2022-01-12,4.560880549009383e-06
2022-01-13,4.362689823400601e-06
2022-01-14,4.679790134076711e-06
2022-01-18,5.15539298739931e-06
2022-01-19,6.5422448567442615e-06
2022-01-20,6.661095026005981e-06
2022-01-21,6.264913219089507e-06
2022-01-24,6.146050639976863e-06
2022-01-25,7.334514522172597e-06
2022-01-26,7.057238030627744e-06
2022-01-27,7.334514522172597e-06
2022-01-28,6.859171156836652e-06
2022-01-31,6.859171156836652e-06
2022-02-01,8.0474223642657e-06
2022-02-02,7.334514522172597e-06
2022-02-03,7.651378397754982e-06
2022-02-04,8.839393389026284e-06
2022-02-07,8.0474223642657e-06
2022-02-08,1.0897780521101907e-05
2022-02-09,1.0699905079958327e-05
2022-02-10,1.4655551380027276e-05
2022-02-11,1.3390171529348294e-05
2022-02-14,1.4260163788915037e-05
2022-02-15,1.584147995470353e-05
2022-02-16,1.4774159770691853e-05
2022-02-17,1.3667007641382511e-05
2022-02-18,1.2599104693311602e-05
2022-02-22,1.3073764350224337e-05
2022-02-23,1.3469269692478747e-05
2022-02-24,1.1214360551070612e-05
2022-02-25,1.1807881934666753e-05
2022-02-28,1.1412210443539905e-05
2022-03-01,1.2401313734144992e-05
2022-03-02,1.2875995776040483e-05
2022-03-03,1.3271521929203445e-05
2022-03-04,1.2084828010072712e-05
2022-03-07,1.2084828010072712e-05
2022-03-08,1.4260163788915037e-05
2022-03-09,1.4655551380027276e-05
2022-03-10,1.4260163788915037e-05
2022-03-11,1.445786248943648e-05
2022-03-14,1.4971832968058152e-05
2022-03-15,1.773823195994062e-05
2022-03-16,1.7145593439238382e-05
2022-03-17,1.4260163788915037e-05
2022-03-18,1.5169496358380385e-05
2022-03-21,1.8014766123286563e-05
2022-03-22,2.0581666154928513e-05
2022-03-23,1.9002230639442175e-05
2022-03-24,1.9120710877951197e-05
2022-03-25,2.0581666154928513e-05
2022-03-28,2.0107902535482225e-05
2022-03-29,2.1963160113713798e-05
2022-03-30,2.0779051429498097e-05
2022-03-31,1.951561642354882e-05
2022-04-01,1.9792027252663047e-05
2022-04-04,2.1292208323142603e-05
2022-04-05,2.6420140646798984e-05
2022-04-06,2.6223034655492583e-05
2022-04-07,2.610476778963644e-05
2022-04-08,2.6420140646798984e-05
2022-04-11,2.6893156654494987e-05
2022-04-12,2.9178603479840248e-05
2022-04-13,2.925738998937888e-05
2022-04-14,2.9572515752640527e-05
2022-04-18,2.9848228590534376e-05
2022-04-19,3.291918097780844e-05
2022-04-20,3.142337231443193e-05
2022-04-21,3.162022120806185e-05
2022-04-22,3.083276492499287e-05
2022-04-25,3.154148140960267e-05
2022-04-26,3.291918097780844e-05
2022-04-27,3.193516014809994e-05
2022-04-28,3.102964534740238e-05
2022-04-29,3.193516014809994e-05
2022-05-02,3.0242072319497382e-05
2022-05-03,3.535850581437572e-05
2022-05-04,3.291918097780844e-05
2022-05-05,3.1738324468122414e-05
2022-05-06,3.221070954073646e-05
2022-05-09,3.162022120806185e-05
2022-05-10,3.468980860099613e-05
2022-05-11,3.488649617855444e-05
2022-05-12,3.575180524739707e-05
2022-05-13,3.724599239540716e-05
2022-05-16,3.8700318804485434e-05
2022-05-17,4.097900467447957e-05
2022-05-18,3.9604092118450396e-05
2022-05-19,3.948621945371045e-05
2022-05-20,3.8621718807307914e-05
2022-05-23,3.921117045457834e-05
2022-05-24,4.117538202752513e-05
2022-05-25,4.125392932241567e-05
2022-05-26,4.058622092828479e-05
2022-05-27,4.046837731652708e-05
2022-05-31,4.06647798387727e-05
2022-06-01,4.353116027866477e-05
2022-06-02,4.3923653820776565e-05
2022-06-03,4.4787002601021086e-05
2022-06-06,4.576785479137868e-05
2022-06-07,4.831694566109768e-05
2022-06-08,4.86305675970744e-05
2022-06-09,4.882656818727682e-05
2022-06-10,5.078604396224762e-05
2022-06-13,5.900534439695626e-05
2022-06-14,6.85731454719285e-05
2022-06-15,6.67004472534316e-05
2022-06-16,5.841881415413752e-05
2022-06-17,5.947450549981248e-05
2022-06-21,5.861433382881032e-05
2022-06-22,6.084257930427661e-05
2022-06-23,6.142875287884486e-05
2022-06-24,6.291334567287699e-05
2022-06-27,6.428023941107419e-05
2022-06-28,6.837811390081328e-05
2022-06-29,6.709066511412232e-05
2022-06-30,6.299146558919055e-05
2022-07-01,6.310864491987367e-05
2022-07-05,6.416309453260993e-05
2022-07-06,7.2354873792424e-05
2022-07-07,7.286143113827137e-05
2022-07-08,7.247177807245819e-05
2022-07-11,7.675586737843076e-05
2022-07-12,8.297906323151416e-05
2022-07-13,9.113228795487593e-05
2022-07-14,8.919255890327271e-05
2022-07-15,8.791181931289138e-05
2022-07-18,8.868807370743248e-05
2022-07-19,9.605496680142878e-05
2022-07-20,9.326490441674551e-05
2022-07-21,9.256707882410176e-05
2022-07-22,9.237322285304828e-05
2022-07-25,9.384632315834196e-05
2022-07-26,9.702327578553493e-05
2022-07-27,9.345871701049724e-05
2022-07-28,9.055047301020913e-05
2022-07-29,9.016254609317542e-05
2022-08-01,8.888211830471171e-05
2022-08-02,9.655852016554611e-05
2022-08-03,9.520265243501136e-05
2022-08-04,9.326490441674551e-05
2022-08-05,9.450517540177117e-05
2022-08-08,9.644232048100498e-05
2022-08-09,0.00010070072743961767
2022-08-10,9.934627799368378e-05
2022-08-11,9.76041556282059e-05
2022-08-12,9.79913587377812e-05
2022-08-15,9.84946674564835e-05
2022-08-16,0.00010178396481297369
2022-08-17,0.00010062334800187145
2022-08-18,0.00010050726680232991
2022-08-19,0.00010108762976135388
2022-08-22,0.00010371757521321356
2022-08-23,0.00010584346802211542
2022-08-24,0.00010622987131747585
2022-08-25,0.00010688667001179653
2022-08-26,0.00010785235976862317
2022-08-29,0.0001095127918699923
2022-08-30,0.00011240723326100266
2022-08-31,0.00011190567898444748
2022-09-01,0.00011202142859034758
2022-09-02,0.00011036204178349607
2022-09-06,0.00011132688971260407
2022-09-07,0.00011472128633105427
2022-09-08,0.00011537668692129799
2022-09-09,0.00011607052030115916
2022-09-12,0.00011711104848255438
2022-09-13,0.00012319464376009392
2022-09-14,0.00012223266566135926
2022-09-15,0.00012096250398929698
2022-09-16,0.00011999998677536539
2022-09-19,0.00011865208296235608
2022-09-20,0.0001266558266805884
2022-09-21,0.00012461793755913497
2022-09-22,0.0001223096357594322
2022-09-23,0.00012146291960002387
2022-09-26,0.0001236563030617699
2022-09-27,0.0001269249029072217
2022-09-28,0.00012615606285670822
2022-09-29,0.00012569468394096894
2022-09-30,0.00012423331344368904
2022-10-03,0.00012307921828313972
2022-10-04,0.0001294226135954979
2022-10-05,0.00012857740774929738
2022-10-06,0.00012838529591863157
2022-10-07,0.00012857740774929738
2022-10-10,0.00012827002070969762
2022-10-11,0.0001303828484713332
2022-10-12,0.00013778812843812105
2022-10-13,0.0001397043497062267
2022-10-14,0.00014142816586781848
2022-10-17,0.0001437254218876749
2022-10-18,0.0001492716667343963
2022-10-19,0.00015156440651287184
2022-10-20,0.00015144980904757688
2022-10-21,0.00015125878773014634
2022-10-24,0.0001523283691453603
2022-10-25,0.00015431395765186373
2022-10-26,0.0001529776135904548
2022-10-27,0.0001529776135904548
2022-10-28,0.00015450483256684855
2022-10-31,0.00015469568923820454
2022-11-01,0.00015755752471124929
2022-11-02,0.00015660380791238104
2022-11-03,0.00015660380791238104
2022-11-04,0.00015614594130020087
2022-11-07,0.00015500105363930317
2022-11-08,0.00015908298967914902
2022-11-09,0.0001591973678314318
2022-11-10,0.0001577482261319041
2022-11-11,0.00015805336579499674
2022-11-14,0.00015824404348752097
2022-11-15,0.0001606078708757952
2022-11-16,0.0001604172880920185
2022-11-17,0.00015995985948813463
2022-11-18,0.00016079844454464087
2022-11-21,0.00015938800896986294
2022-11-22,0.00016319882678805797
2022-11-23,0.00016327500053403554
2022-11-25,0.0001623226695313118
2022-11-28,0.00016262744094275305
2022-11-29,0.00016529321961544774
2022-11-30,0.00016529321961544774
2022-12-01,0.00016300836788873951
2022-12-02,0.0001635797172787612
2022-12-05,0.00016167493697505364
2022-12-06,0.00016403671239095807
2022-12-07,0.00016262744094275305
2022-12-08,0.00016137009269945324
2022-12-09,0.0001622464594106532
2022-12-12,0.00016205597315210873
2022-12-13,0.00016510287895266096
2022-12-14,0.00016403671239095807
2022-12-15,0.0001637701307115602
2022-12-16,0.0001618654596180491
2022-12-19,0.0001618654596180491
2022-12-20,0.0001644175228021627
2022-12-21,0.00016346544668977003
2022-12-22,0.0001635797172787612
2022-12-23,0.00016300836788873951
2022-12-27,0.00016308456343883115
2022-12-28,0.0001685278563658965
2022-12-29,0.00016689184934981505
2022-12-30,0.00016555971757359345
2023-01-03,0.00016536937148781128
2023-01-04,0.00017088559282707472
2023-01-05,0.00017460948001990495
2023-01-06,0.00017441956574959505
2023-01-09,0.00017403971005292007
2023-01-10,0.00017715339681645403
2023-01-11,0.00017677380165070922
2023-01-12,0.00017373581029045404
2023-01-13,0.00017422964242763683
2023-01-17,0.00017441956574959505
2023-01-18,0.00017582469171339987
2023-01-19,0.00017563483535276703
2023-01-20,0.00017612843221392893
2023-01-23,0.00017601452092419478
2023-01-24,0.00017745703605664964
2023-01-25,0.00017639418842341215
2023-01-26,0.00017631826505870585
2023-01-27,0.00017650807075830777
2023-01-30,0.00017601452092419478
2023-01-31,0.00017734318083983958
2023-02-01,0.00017544496994603698
2023-02-02,0.00017506523009891417
2023-02-03,0.0001755588794116747
2023-02-06,0.0001759385903250532
2023-02-07,0.00017734318083983958
2023-02-08,0.0001779124605867377
2023-02-09,0.0001789749033862531
2023-02-10,0.00017980949669471613
2023-02-13,0.00018018878471415256
2023-02-14,0.00018075765810188216
2023-02-15,0.0001801129336156393
2023-02-16,0.0001809472705460724
2023-02-17,0.00018151603566929353
2023-02-21,0.0001818193607499019
2023-02-22,0.0001820847376987622
2023-02-23,0.00018189517937372557
2023-02-24,0.00018238800141867628
2023-02-27,0.0001809472705460724
2023-02-28,0.00018265334050160398
2023-03-01,0.00018322186218000525
2023-03-02,0.00018314606879510364
2023-03-03,0.00018295656095257407
2023-03-06,0.00018333556762550884
2023-03-07,0.00018776715401980226
2023-03-08,0.00018920542167255583
2023-03-09,0.00018788072984232684
2023-03-10,0.00018617689697619788
2023-03-13,0.00018068181783137405
2023-03-14,0.00018151603566929353
2023-03-15,0.00017688769123758163
2023-03-16,0.00017582469171339987
2023-03-17,0.00016681574471455463
2023-03-20,0.000173355907521211
2023-03-21,0.00017867137978977432
2023-03-22,0.00017707748791595534
2023-03-23,0.00017479936712927469
2023-03-24,0.00017479936712927469
2023-03-27,0.00017783656614489551
2023-03-28,0.0001795439500835716
2023-03-29,0.0001796198301016183
2023-03-30,0.0001809472705460724
2023-03-31,0.0001779124605867377
2023-04-03,0.00017734318083983958
2023-04-04,0.00018333556762550884
2023-04-05,0.00018246380922382066
2023-04-06,0.00018265334050160398
2023-04-10,0.0001875021552475431
2023-04-11,0.0001890919016460657
2023-04-12,0.0001883349646663035
2023-04-13,0.000188145703440723
2023-04-14,0.0001899621933383333
2023-04-17,0.0001907188213099431
2023-04-18,0.0001947643595290316
2023-04-19,0.00019344149667177568
2023-04-20,0.0001915509588013009
2023-04-21,0.00019174004033239989
2023-04-24,0.00018882699096067768
2023-04-25,0.00019185350297723502
2023-04-26,0.00019306346805647578
2023-04-27,0.00019363050654397362
2023-04-28,0.0001907188213099431
2023-05-01,0.0001885241988557329
2023-05-02,0.00019514222682825988
2023-05-03,0.0001972199017463705
2023-05-04,0.0001957089696087433
2023-05-05,0.00019665337383201198
2023-05-08,0.00019676669666490731
2023-05-09,0.00019827722787413293
2023-05-10,0.00019608676536275738
2023-05-11,0.0001941974643542288
2023-05-12,0.00019468876735340146
2023-05-15,0.00019363050654397362
2023-05-16,0.00019582231930170835
2023-05-17,0.0001969555308756199
2023-05-18,0.00019835273400503617
2023-05-19,0.00019684223142291124
2023-05-22,0.0001972199017463705
2023-05-23,0.00019940974163534797
2023-05-24,0.00020061741484722617
2023-05-25,0.0001997871867058798
2023-05-26,0.00019797515303232593
2023-05-30,0.00019903227881012953
2023-05-31,0.00020299395523060149
2023-06-01,0.00020129657359491127
2023-06-02,0.00020174928179539364
2023-06-05,0.00019903227881012953
2023-06-06,0.00019959846863959463
2023-06-07,0.00019940974163534797
2023-06-08,0.00019740873248985658
2023-06-09,0.0001972199017463705
2023-06-12,0.0001972199017463705
2023-06-13,0.00019740873248985658
2023-06-14,0.00019665337383201198
2023-06-15,0.0001957089696087433
2023-06-16,0.00019608676536275738
2023-06-20,0.0001964645072900506
2023-06-21,0.00019873027920369601
2023-06-22,0.00019873027920369601
2023-06-23,0.00019884352498800162
2023-06-26,0.00019948524430857262
2023-06-27,0.0002004287360963808
2023-06-28,0.00020005136978662463
2023-06-29,0.00020024006640584346
2023-06-30,0.00019940974163534797
2023-07-03,0.00019910777063558704
2023-07-05,0.00020091927147292132
2023-07-06,0.000201673822007864
2023-07-07,0.000201673822007864
2023-07-10,0.0002021264873546258
2023-07-11,0.00020280538897510247
2023-07-12,0.00020231508573820278
2023-07-13,0.00020205105269655022
2023-07-14,0.00020174928179539364
2023-07-17,0.00020242822969285257
2023-07-18,0.00020299395523060149
2023-07-19,0.00020288080935504382
2023-07-20,0.00020280538897510247
2023-07-21,0.00020299395523060149
2023-07-24,0.0002030693720416199
2023-07-25,0.00020363498859188311
2023-07-26,0.00020374811305567953
2023-07-27,0.00020374811305567953
2023-07-28,0.00020325792580599966
2023-07-31,0.00020299395523060149
2023-08-01,0.00020344647064884924
2023-08-02,0.00020344647064884924
2023-08-03,0.00020337104299383846
2023-08-04,0.00020318249458206594
2023-08-07,0.00020344647064884924
2023-08-08,0.00020401203367970133
2023-08-09,0.00020420054284620015
2023-08-10,0.00020374811305567953
2023-08-11,0.00020363498859188311
2023-08-14,0.00020382351559522505
2023-08-15,0.00020420054284620015
2023-08-16,0.00020438902511932255
2023-08-17,0.0002041251294633284
2023-08-18,0.0002041251294633284
2023-08-21,0.00020420054284620015
2023-08-22,0.0002047659988710926
2023-08-23,0.0002047659988710926
2023-08-24,0.00020506754141425
2023-08-25,0.00020551982143457437
2023-08-28,0.00020582130694224432
2023-08-29,0.00020570825928856173
2023-08-30,0.00020551982143457437
2023-08-31,0.00020487907325872357
2023-09-01,0.00020374811305567953
2023-09-05,0.0002041251294633284
2023-09-06,0.00020495447237456332
2023-09-07,0.0002043136332798845
2023-09-08,0.0002046906141635052
2023-09-11,0.0002046906141635052
2023-09-12,0.00020514291899176307
2023-09-13,0.00020514291899176307
2023-09-14,0.0002047659988710926
2023-09-15,0.00020487907325872357
2023-09-18,0.00020495447237456332
2023-09-19,0.00020533137466927087
2023-09-20,0.00020551982143457437
2023-09-21,0.00020514291899176307
2023-09-22,0.00020514291899176307
2023-09-25,0.00020544445098624742
2023-09-26,0.00020589667026293945
2023-09-27,0.00020608509029784727
2023-09-28,0.00020525600065646188
2023-09-29,0.00020495447237456332
2023-10-02,0.00020551982143457437
2023-10-03,0.00020646190364193018
2023-10-04,0.00020627350142388146
2023-10-05,0.00020589667026293945
2023-10-06,0.00020676331788527236
2023-10-09,0.00020676331788527236
2023-10-10,0.00020582130694224432
2023-10-11,0.00020627350142388146
2023-10-12,0.00020627350142388146
2023-10-13,0.00020600973054030192
2023-10-16,0.00020600973054030192
2023-10-17,0.00020646190364193018
2023-10-18,0.00020608509029784727
2023-10-19,0.00020533137466927087
2023-10-20,0.00020495447237456332
2023-10-23,0.0002046906141635052
2023-10-24,0.00020525600065646188
2023-10-25,0.00020551982143457437
2023-10-26,0.00020495447237456332
2023-10-27,0.00020514291899176307
2023-10-30,0.00020544445098624742
2023-10-31,0.00020570825928856173
2023-11-01,0.00020495447237456332
2023-11-02,0.00020382351559522505
2023-11-03,0.00020318249458206594
2023-11-06,0.00020344647064884924
2023-11-07,0.0002039366167292389
2023-11-08,0.00020374811305567953
2023-11-09,0.00020355958248496897
2023-11-10,0.0002030693720416199
2023-11-13,0.00020344647064884924
2023-11-14,0.00020318249458206594
2023-11-15,0.00020325792580599966
2023-11-16,0.00020280538897510247
2023-11-17,0.00020242822969285257
2023-11-20,0.00020261681379629692
2023-11-21,0.00020325792580599966
2023-11-22,0.00020363498859188311
2023-11-24,0.00020318249458206594
2023-11-27,0.00020337104299383846
2023-11-28,0.00020344647064884924
2023-11-29,0.0002026922377451612
2023-11-30,0.00020261681379629692
2023-12-01,0.00020174928179539364
2023-12-04,0.00020205105269655022
2023-12-05,0.00020280538897510247
2023-12-06,0.00020280538897510247
2023-12-07,0.00020242822969285257
2023-12-08,0.00020242822969285257
2023-12-11,0.00020242822969285257
2023-12-12,0.00020299395523060149
2023-12-13,0.00020205105269655022
2023-12-14,0.00020174928179539364
2023-12-15,0.0002021264873546258
2023-12-18,0.0002021264873546258
2023-12-19,0.00020261681379629692
2023-12-20,0.00020231508573820278
2023-12-21,0.00020156065663057277
2023-12-22,0.0002014852112603993
2023-12-26,0.00020129657359491127
2023-12-27,0.0002025036751958087
2023-12-28,0.00020186244181608082
2023-12-29,0.0002004287360963808
2024-01-02,0.000201673822007864
2024-01-03,0.0002025036751958087
2024-01-04,0.00020223965465016036
2024-01-05,0.0002019378800448557
2024-01-08,0.0002019378800448557
2024-01-09,0.00020231508573820278
2024-01-10,0.0002021264873546258
2024-01-11,0.00020186244181608082
2024-01-12,0.00020110792699945534
2024-01-16,0.00020129657359491127
2024-01-17,0.00020174928179539364
2024-01-18,0.00020118337951324783
2024-01-19,0.00020110792699945534
2024-01-22,0.00020118337951324783
2024-01-23,0.00020156065663057277
2024-01-24,0.00020156065663057277
2024-01-25,0.00020099474555013153
2024-01-26,0.00020118337951324783
2024-01-29,0.00020118337951324783
2024-01-30,0.00020129657359491127
2024-01-31,0.00020073062500669536
2024-02-01,0.00020118337951324783
2024-02-02,0.00020156065663057277
2024-02-05,0.00020223965465016036
2024-02-06,0.00020205105269655022
2024-02-07,0.00020205105269655022
2024-02-08,0.00020186244181608082
2024-02-09,0.0002019378800448557
2024-02-12,0.00020223965465016036
2024-02-13,0.00020242822969285257
2024-02-14,0.00020186244181608082
2024-02-15,0.00020186244181608082
2024-02-16,0.00020205105269655022
2024-02-20,0.000201673822007864
2024-02-21,0.0002025036751958087
2024-02-22,0.00020242822969285257
2024-02-23,0.0002026922377451612
2024-02-26,0.0002030693720416199
2024-02-27,0.00020288080935504382
2024-02-28,0.0002026922377451612
2024-02-29,0.00020205105269655022
2024-03-01,0.00020174928179539364
2024-03-04,0.00020205105269655022
2024-03-05,0.0002021264873546258
2024-03-06,0.00020231508573820278
2024-03-07,0.00020223965465016036
2024-03-08,0.00020223965465016036
2024-03-11,0.0002026922377451612
2024-03-12,0.0002026922377451612
2024-03-13,0.00020261681379629692
2024-03-14,0.00020261681379629692
2024-03-15,0.00020261681379629692
2024-03-18,0.00020261681379629692
2024-03-19,0.00020261681379629692
2024-03-20,0.00020223965465016036
2024-03-21,0.00020223965465016036
2024-03-22,0.0002019378800448557
2024-03-25,0.00020186244181608082
2024-03-26,0.00020186244181608082
2024-03-27,0.00020174928179539364
2024-03-28,0.00020129657359491127
2024-04-01,0.00020186244181608082
2024-04-02,0.000201673822007864
2024-04-03,0.00020156065663057277
2024-04-04,0.00020129657359491127
2024-04-05,0.00020174928179539364
2024-04-08,0.00020205105269655022
2024-04-09,0.0002019378800448557
2024-04-10,0.00020280538897510247
2024-04-11,0.00020261681379629692
2024-04-12,0.00020231508573820278
2024-04-15,0.00020261681379629692
2024-04-16,0.00020242822969285257
2024-04-17,0.0002026922377451612
2024-04-18,0.00020280538897510247
2024-04-19,0.00020288080935504382
2024-04-22,0.00020288080935504382
2024-04-23,0.00020288080935504382
2024-04-24,0.00020325792580599966
2024-04-25,0.00020288080935504382
2024-04-26,0.00020261681379629692
2024-04-29,0.00020280538897510247
2024-04-30,0.00020288080935504382
2024-05-01,0.0002030693720416199
2024-05-02,0.00020261681379629692
2024-05-03,0.0002025036751958087
2024-05-06,0.0002026922377451612
2024-05-07,0.00020280538897510247
2024-05-08,0.00020288080935504382
2024-05-09,0.0002026922377451612
2024-05-10,0.00020280538897510247
2024-05-13,0.0002026922377451612
2024-05-14,0.0002025036751958087
2024-05-15,0.0002026922377451612
2024-05-16,0.00020280538897510247
2024-05-17,0.0002026922377451612
2024-05-20,0.0002026922377451612
2024-05-21,0.0002026922377451612
2024-05-22,0.00020288080935504382
2024-05-23,0.00020288080935504382
2024-05-24,0.00020288080935504382
2024-05-28,0.00020299395523060149
2024-05-29,0.0002030693720416199
2024-05-30,0.00020299395523060149
2024-05-31,0.00020288080935504382
2024-06-03,0.00020280538897510247
2024-06-04,0.0002026922377451612
2024-06-05,0.0002026922377451612
2024-06-06,0.00020242822969285257
2024-06-07,0.00020261681379629692
2024-06-10,0.00020242822969285257
2024-06-11,0.00020288080935504382
2024-06-12,0.00020280538897510247
2024-06-13,0.0002026922377451612
2024-06-14,0.0002026922377451612
2024-06-17,0.00020280538897510247
2024-06-18,0.0002025036751958087
2024-06-20,0.0002021264873546258
2024-06-21,0.00020174928179539364
2024-06-24,0.00020156065663057277
2024-06-25,0.00020205105269655022
2024-06-26,0.00020231508573820278
2024-06-27,0.00020205105269655022
2024-06-28,0.000201673822007864
2024-07-01,0.00020186244181608082
2024-07-02,0.00020223965465016036
2024-07-03,0.00020231508573820278
2024-07-05,0.0002021264873546258
2024-07-08,0.00020186244181608082
2024-07-09,0.0002021264873546258
2024-07-10,0.0002021264873546258
2024-07-11,0.00020110792699945534
2024-07-12,0.00020110792699945534
2024-07-15,0.00020091927147292132
2024-07-16,0.00020091927147292132
2024-07-17,0.00020099474555013153
2024-07-18,0.00020091927147292132
2024-07-19,0.00020091927147292132
2024-07-22,0.000200806084664773
2024-07-23,0.0002001645780334016
2024-07-24,0.00020005136978662463
2024-07-25,0.00019967394973985364
2024-07-26,0.00019948524430857262
2024-07-29,0.0001991832610310773
2024-07-30,0.00019873027920369601
2024-07-31,0.00019873027920369601
2024-08-01,0.00019797515303232593
2024-08-02,0.0001947643595290316
2024-08-05,0.00019589787196294672
2024-08-06,0.00019665337383201198
2024-08-07,0.00019665337383201198
2024-08-08,0.00019676669666490731
2024-08-09,0.0001964645072900506
2024-08-12,0.00019638896537155226
2024-08-13,0.00019563341336592543
2024-08-14,0.00019601121628287643
2024-08-15,0.00019665337383201198
2024-08-16,0.0001964645072900506
2024-08-19,0.00019601121628287643
2024-08-20,0.00019487771807558119
2024-08-21,0.00019381950745178678
2024-08-22,0.00019457540343159607
2024-08-23,0.00019363050654397362
2024-08-26,0.00019355491088091092
2024-08-27,0.0001924207136558831
2024-08-28,0.00019192913092402897
2024-08-29,0.00019230728519104012
2024-08-30,0.0001924207136558831
2024-09-03,0.00019249633083839868
2024-09-04,0.00019166440879647695
2024-09-05,0.00019105926875506718
2024-09-06,0.00019015136831046497
2024-09-09,0.0001896595055268513
2024-09-10,0.00018738858668698732
2024-09-11,0.00018890267636906266
2024-09-12,0.00018757788387491203
2024-09-13,0.0001846617710405951
2024-09-16,0.0001839797709544122
2024-09-17,0.00018360084362134543
2024-09-18,0.0001790507761503246
2024-09-19,0.0001782160419940837
2024-09-20,0.00017639418842341215
2024-09-23,0.00017479936712927469
2024-09-24,0.0001744955252993563
2024-09-25,0.00017419166029930544
2024-09-26,0.0001734698767201781
2024-09-27,0.00017400172611425901
2024-09-30,0.00017460948001990495
2024-10-01,0.00017400172611425901
2024-10-02,0.0001736598362571673
2024-10-03,0.000173355907521211
2024-10-04,0.00017487533754900753
2024-10-07,0.00017563483535276703
2024-10-08,0.0001757487393911905
2024-10-09,0.00017601452092419478
2024-10-10,0.00017582469171339987
2024-10-11,0.0001752550954920995
2024-10-14,0.00017536902849313307
2024-10-15,0.0001752550954920995
2024-10-16,0.00017479936712927469
2024-10-17,0.0001752550954920995
2024-10-18,0.00017517915042031262
2024-10-21,0.00017536902849313307
2024-10-22,0.00017468543594945096
2024-10-23,0.00017487533754900753
2024-10-24,0.00017419166029930544
2024-10-25,0.00017506523009891417
2024-10-28,0.00017400172611425901
2024-10-29,0.0001739257571506947
2024-10-30,0.00017327990812732175
2024-10-31,0.00017210194053429717
2024-11-01,0.00017088559282707472
2024-11-04,0.0001715698374964436
2024-11-05,0.0001717598695070155
2024-11-06,0.00017202591721998672
2024-11-07,0.0001716458513880692
2024-11-08,0.0001717598695070155
2024-11-11,0.00017145579581478998
2024-11-12,0.0001717598695070155
2024-11-13,0.00017050540008067827
2024-11-14,0.0001702392508251549
2024-11-15,0.00017061946896501645
2024-11-18,0.0001709996327015073
2024-11-19,0.00017118971003271533
2024-11-20,0.00017126573117609567
2024-11-21,0.00017137977829739803
2024-11-22,0.00017145579581478998
2024-11-25,0.0001710756755981535
2024-11-26,0.00017069550098813835
2024-11-27,0.0001703153082337483
2024-11-29,0.0001698590145342571
2024-12-02,0.0001701251891867983
2024-12-03,0.00016925053560012948
2024-12-04,0.00016879411994996651
2024-12-05,0.00016822353593082262
2024-12-06,0.00016689184934981505
2024-12-09,0.00016681574471455463
2024-12-10,0.00016651127534195176
2024-12-11,0.00016536937148781128
2024-12-12,0.0001641509665990526
2024-12-13,0.00016396055320511138
2024-12-16,0.00016434137089449408
2024-12-17,0.0001647982786683322
2024-12-18,0.00016449367325477304
2024-12-19,0.00016403671239095807
2024-12-20,0.00016384631169685804
2024-12-23,0.00016384631169685804
2024-12-24,0.00016327500053403554
2024-12-26,0.00016384631169685804
2024-12-27,0.0001624369547299498
2024-12-30,0.00016258934806168135
2024-12-31,0.0001635797172787612
